,id,created_at,user_screen_name,user_followers_count,user_location,user_verified,user_friends_count,user_listed_count,user_favourites_count,user_statuses_count,user_geo_enabled,Hashtags,text,Bot_or_NoBot,
0,9.90432E+17,29-04-18 3:26,amith97ba,270,"Bangalore, India",FALSE,760,2,9417,11619,FALSE,[],@airtelindia All your problems to watch Ipl matches can be solved within 10 mins... 1) Buy @airtelindia 4G Season p‚Ä¶,0,
5,9.90426E+17,29-04-18 3:02,iPhone8andx,1903,United States,FALSE,56,5,19,9863,FALSE,"[{'indices': [0, 4], 'text': 'Win'}, {'indices': [18, 26], 'text': 'iPhoneX'}, {'indices': [33, 41], 'text': 'iPhone8'}, {'indices': [99, 108], 'text': 'Giveaway'}, {'indices': [109, 115], 'text': 'Phone'}]",#Win one of these #iPhoneX &amp; #iPhone8 ?? just RETWEET &amp; FOLLOW us COMMENT THE ONE YOU WANT #Giveaway #Phone 19,0,
10,9.90423E+17,29-04-18 2:48,crishannaaa,2460,"Denmark, TN",FALSE,952,3,9873,84110,TRUE,"[{'indices': [33, 42], 'text': 'Prom2k18'}]",y‚Äôall see what a iphone8 can do? #Prom2k18,0,
11,9.9042E+17,29-04-18 2:36,DismayingCrab,212,"California, USA",FALSE,2245,0,268,468,FALSE,"[{'indices': [37, 43], 'text': 'apple'}, {'indices': [44, 52], 'text': 'iphonex'}, {'indices': [53, 57], 'text': 'ios'}, {'indices': [58, 76], 'text': 'iphonephotography'}, {'indices': [77, 89], 'text': 'iphone8plus'}, {'indices': [90, 98], 'text': 'iphone8'}, {'indices': [99, 111], 'text': 'iphone7plus'}, {'indices': [112, 120], 'text': 'iphone7'}, {'indices': [121, 129], 'text': 'macbook'}]",RT @Meritc_: {iPhone X üçé Space Grey} #apple #iphonex #ios #iphonephotography #iphone8plus #iphone8 #iphone7plus #iphone7 #macbook #macbookp‚Ä¶,0,
13,9.90419E+17,29-04-18 2:32,kilroylane,294,kilroy ln WEAR YOUR SOCKS,FALSE,599,3,11832,7236,FALSE,[],im playing fortnite on my iphone8 the future is now,0,
14,9.90418E+17,29-04-18 2:30,iPhone8andx,1903,United States,FALSE,56,5,19,9863,FALSE,"[{'indices': [0, 4], 'text': 'Win'}, {'indices': [18, 26], 'text': 'iPhoneX'}, {'indices': [33, 41], 'text': 'iPhone8'}, {'indices': [99, 108], 'text': 'Giveaway'}, {'indices': [109, 115], 'text': 'Phone'}]",#Win one of these #iPhoneX &amp; #iPhone8 ?? just RETWEET &amp; FOLLOW us COMMENT THE ONE YOU WANT #Giveaway #Phone 18,0,
17,9.90416E+17,29-04-18 2:23,civictyper4693,165,Â§ßÂàÜÁúåÂÆá‰ΩêÂ∏Ç,FALSE,187,0,3467,1816,TRUE,[],iPhone8,0,
19,9.90411E+17,29-04-18 2:01,iPhone8andx,1903,United States,FALSE,56,5,19,9863,FALSE,"[{'indices': [0, 4], 'text': 'Win'}, {'indices': [18, 26], 'text': 'iPhoneX'}, {'indices': [33, 41], 'text': 'iPhone8'}, {'indices': [99, 108], 'text': 'Giveaway'}, {'indices': [109, 115], 'text': 'Phone'}]",#Win one of these #iPhoneX &amp; #iPhone8 ?? just RETWEET &amp; FOLLOW us COMMENT THE ONE YOU WANT #Giveaway #Phone 17,0,
22,9.90403E+17,29-04-18 1:30,lebo1675,490,Welgedag gauteng,FALSE,565,2,570,387,FALSE,"[{'indices': [18, 32], 'text': 'JUST_LAUNCHED'}, {'indices': [33, 45], 'text': 'Competition'}, {'indices': [98, 109], 'text': 'winiPhone8'}, {'indices': [110, 126], 'text': 'giveawayiPhone8'}]",RT @Free_iphone8: #JUST_LAUNCHED #Competition Retweet &amp; Follow me @Free_iphone8 for chance to #winiPhone8 #giveawayiPhone8 good luck! https‚Ä¶,0,
23,9.90403E+17,29-04-18 1:30,iPhone8andx,1903,United States,FALSE,56,5,19,9863,FALSE,"[{'indices': [0, 4], 'text': 'Win'}, {'indices': [18, 26], 'text': 'iPhoneX'}, {'indices': [37, 45], 'text': 'iPhone8'}, {'indices': [107, 116], 'text': 'Giveaway'}, {'indices': [117, 123], 'text': 'Phone'}]",#Win one of these #iPhoneX &amp;amp; #iPhone8 ?? just RETWEET &amp;amp; FOLLOW us COMMENT THE ONE YOU WANT #Giveaway #Phone‚Ä¶,0,
24,9.90398E+17,29-04-18 1:12,o22ie,140,Earth,FALSE,146,12,3470,8789,TRUE,"[{'indices': [27, 34], 'text': 'mexico'}, {'indices': [35, 44], 'text': 'vacation'}, {'indices': [45, 50], 'text': 'moon'}, {'indices': [51, 61], 'text': 'full_moon'}, {'indices': [62, 75], 'text': 'iphone8_plus'}, {'indices': [76, 86], 'text': 'no_filter'}]",Good evening from Mexico. #mexico #vacation #moon #full_moon #iphone8_plus #no_filter‚Ä¶,0,
27,9.9039E+17,29-04-18 0:39,rose_adra,1,,FALSE,39,0,4,25,FALSE,"[{'indices': [62, 70], 'text': 'iPhone8'}, {'indices': [77, 89], 'text': 'iPhone8Plus'}]",RT @kalluxrz: My first iPhone 8 Giveaway üòçüì± Win the brand new #iPhone8 &amp; #iPhone8Plus! To win just retweet this post &amp; follow us. Winners w‚Ä¶,0,
29,9.90381E+17,29-04-18 0:03,iPhone8andx,1903,United States,FALSE,56,5,19,9863,FALSE,"[{'indices': [0, 4], 'text': 'Win'}, {'indices': [18, 26], 'text': 'iPhoneX'}, {'indices': [33, 41], 'text': 'iPhone8'}, {'indices': [99, 108], 'text': 'Giveaway'}, {'indices': [109, 115], 'text': 'Phone'}]",#Win one of these #iPhoneX &amp; #iPhone8 ?? just RETWEET &amp; FOLLOW us COMMENT THE ONE YOU WANT #Giveaway #Phone 13,0,
30,9.9038E+17,29-04-18 0:00,eversobling,709,,FALSE,1358,4,0,6024,FALSE,"[{'indices': [84, 92], 'text': 'iPhone8'}, {'indices': [93, 101], 'text': 'iPhoneX'}, {'indices': [102, 113], 'text': 'BlingBling'}]",Floral Leopardo 3D Bling Swarovski Crystal iPhone 8 and iPhone 8 Plus Case - Brown #iPhone8 #iPhoneX #BlingBling‚Ä¶,0,
31,9.9038E+17,28-04-18 23:57,potemaru_b,593,„Çπ„Éö„Éº„Çπ„Ç¢„Éº„Éà„Çπ„Çø„Ç∏„Ç™,FALSE,510,15,31685,19236,FALSE,[],@dream51030 iPhone8+,0,
32,9.90376E+17,28-04-18 23:42,TheRealYoung_TY,144,"Inglewood, CA",FALSE,361,3,112,259,TRUE,[],iPhone8 in my pocket wit no case ..... I shoulda juss dropped it ‚ö°Ô∏è,0,
35,9.90365E+17,28-04-18 23:00,iphone_ziho_bot,1268,,FALSE,1340,15,0,40500,FALSE,[],iphone8,0,
39,9.90355E+17,28-04-18 22:20,starmediaguy,1306,Rocky Mountains. ,FALSE,1711,245,1824,64330,TRUE,"[{'indices': [78, 86], 'text': 'iPhone8'}]","After a couple of months of use, think I can say with some certainty that the #iPhone8 is a POS. Makes me long for‚Ä¶",0,
41,9.90348E+17,28-04-18 21:53,edilsoncaardoso,109,S√£o Paulo - SP,FALSE,361,0,18,3608,FALSE,[],"good night twitter guys ... anyone who has a dream to win a ps4, or an iphone8 of gracas, just click on this link‚Ä¶",0,
42,9.90345E+17,28-04-18 21:40,minmochi92,6,,FALSE,145,0,716,646,FALSE,"[{'indices': [19, 24], 'text': 'ÍπÄÎç∞ÏùºÎ¶¨'}, {'indices': [105, 120], 'text': 'PremiosMTVMiaw'}, {'indices': [121, 134], 'text': 'MTVBRKPOPBTS'}]",RT @kookie_for_jk: #ÍπÄÎç∞ÏùºÎ¶¨ b.g (25page) iPhone8 iPhoneX #PremiosMTVMiaw #MTVBRKPOPBTS @BTS‚Ä¶,0,
46,9.90343E+17,28-04-18 21:31,Najuma65731390,76,"Cape Town, South Africa",FALSE,387,0,1654,1539,FALSE,"[{'indices': [17, 21], 'text': 'Win'}, {'indices': [35, 43], 'text': 'iPhoneX'}, {'indices': [50, 58], 'text': 'iPhone8'}, {'indices': [116, 125], 'text': 'Giveaway'}, {'indices': [126, 132], 'text': 'Phone'}]",RT @iPhone8andx: #Win one of these #iPhoneX &amp; #iPhone8 ?? just RETWEET &amp; FOLLOW us COMMENT THE ONE YOU WANT #Giveaway #Phone,0,
47,9.90343E+17,28-04-18 21:30,iPhone8andx,1903,United States,FALSE,56,5,19,9863,FALSE,"[{'indices': [0, 4], 'text': 'Win'}, {'indices': [18, 26], 'text': 'iPhoneX'}, {'indices': [33, 41], 'text': 'iPhone8'}, {'indices': [99, 108], 'text': 'Giveaway'}, {'indices': [109, 115], 'text': 'Phone'}]",#Win one of these #iPhoneX &amp; #iPhone8 ?? just RETWEET &amp; FOLLOW us COMMENT THE ONE YOU WANT #Giveaway #Phone 8,0,
49,9.90335E+17,28-04-18 21:00,Wang_Lang,375,"Miami, FL",FALSE,1140,3,1570,1372,TRUE,"[{'indices': [53, 65], 'text': 'mainsqueeze'}, {'indices': [66, 71], 'text': 'funk'}, {'indices': [72, 80], 'text': 'iphone8'}]",‚ÄúRob Skywalker and Dr. Funk himself‚Äù @MainSqueezeMe #mainsqueeze #funk #iphone8 @ Terminal West,0,
50,9.90334E+17,28-04-18 20:58,mapipooffice,146,,FALSE,387,2,20,2110,FALSE,"[{'indices': [37, 43], 'text': 'OFURO'}, {'indices': [82, 94], 'text': 'newAppStore'}]",The most unique Bath Light app ever. #OFURO DSP @AppStore #newAppStore‚Ä¶,0,
53,9.90327E+17,28-04-18 20:30,iPhone8andx,1903,United States,FALSE,56,5,19,9863,FALSE,"[{'indices': [0, 4], 'text': 'Win'}, {'indices': [18, 26], 'text': 'iPhoneX'}, {'indices': [33, 41], 'text': 'iPhone8'}, {'indices': [99, 108], 'text': 'Giveaway'}, {'indices': [109, 115], 'text': 'Phone'}]",#Win one of these #iPhoneX &amp; #iPhone8 ?? just RETWEET &amp; FOLLOW us COMMENT THE ONE YOU WANT #Giveaway #Phone 6,0,
54,9.90327E+17,28-04-18 20:29,MomentsOfMale,456,Worldwide,FALSE,16,177,34173,33696,TRUE,"[{'indices': [36, 43], 'text': 'Elnido'}, {'indices': [44, 52], 'text': 'Palawan'}, {'indices': [53, 65], 'text': 'Philippines'}]",RT @NefuDaBoss: Swimming with the üê† #Elnido #Palawan #Philippines I‚Äôll post the video with Jellyfish and Seaturtles on my YouTube. üêü #ipho‚Ä¶,0,
56,9.90321E+17,28-04-18 20:05,CONNORJ1985,55,"New York, NY",FALSE,367,1,411,422,TRUE,"[{'indices': [17, 21], 'text': 'Win'}, {'indices': [35, 43], 'text': 'iPhoneX'}, {'indices': [54, 62], 'text': 'iPhone8'}, {'indices': [124, 133], 'text': 'Giveaway'}, {'indices': [134, 140], 'text': 'Phone'}]",RT @iPhone8andx: #Win one of these #iPhoneX &amp;amp; #iPhone8 ?? just RETWEET &amp;amp; FOLLOW us COMMENT THE ONE YOU WANT #Giveaway #Phone,0,
57,9.90321E+17,28-04-18 20:04,yiyanli,54,"Âåó‰∫¨, ‰∏≠Âçé‰∫∫Ê∞ëÂÖ±ÂíåÂõΩ",FALSE,197,3,134,279,TRUE,"[{'indices': [14, 22], 'text': 'Pyramid'}, {'indices': [23, 28], 'text': 'Giza'}, {'indices': [29, 35], 'text': 'Egypt'}, {'indices': [36, 46], 'text': 'Skydiving'}, {'indices': [47, 55], 'text': 'iPhone8'}, {'indices': [56, 61], 'text': 'VSCO'}]",Airborne One. #Pyramid #Giza #Egypt #Skydiving #iPhone8 #VSCO,0,
59,9.9032E+17,28-04-18 20:00,galaxycommus,24,"Neptune, NJ",FALSE,147,1,335,189,TRUE,"[{'indices': [72, 93], 'text': 'galaxycommunications'}, {'indices': [94, 101], 'text': 'iPhone'}, {'indices': [102, 110], 'text': 'iPhone8'}]","Adidas iPhone case available for iPhone 6s, Iphone7s and iPhone8 ‚öΩ‚öΩ - - #galaxycommunications #iPhone #iPhone8‚Ä¶",0,
62,9.90319E+17,28-04-18 19:55,yiyanli,54,"Âåó‰∫¨, ‰∏≠Âçé‰∫∫Ê∞ëÂÖ±ÂíåÂõΩ",FALSE,197,3,134,279,TRUE,"[{'indices': [28, 36], 'text': 'Pyramid'}, {'indices': [37, 42], 'text': 'Giza'}, {'indices': [43, 49], 'text': 'Egypt'}, {'indices': [50, 60], 'text': 'Skydiving'}, {'indices': [61, 69], 'text': 'iPhone8'}, {'indices': [70, 75], 'text': 'VSCO'}]","Happy flight, Mr president. #Pyramid #Giza #Egypt #Skydiving #iPhone8 #VSCO",0,
66,9.90312E+17,28-04-18 19:27,TechGuyBert,82,"Toronto, ON",FALSE,266,19,4763,6396,FALSE,"[{'indices': [76, 87], 'text': 'AppleWatch'}, {'indices': [88, 96], 'text': 'iPhoneX'}, {'indices': [97, 115], 'text': 'AppleWatchSeries3'}, {'indices': [116, 123], 'text': 'iPhone'}, {'indices': [124, 132], 'text': 'iPhone8'}]",RT @TechInRL: Setup Apple Watch on Your New iPhone! #AppleWatch #iPhoneX #AppleWatchSeries3 #iPhone #iPhone8,0,
70,9.90306E+17,28-04-18 19:05,TechInRL,1351,Canada,FALSE,1444,1,4,1865,FALSE,"[{'indices': [62, 73], 'text': 'AppleWatch'}, {'indices': [74, 82], 'text': 'iPhoneX'}, {'indices': [83, 101], 'text': 'AppleWatchSeries3'}, {'indices': [102, 109], 'text': 'iPhone'}, {'indices': [110, 118], 'text': 'iPhone8'}]",Setup Apple Watch on Your New iPhone! #AppleWatch #iPhoneX #AppleWatchSeries3 #iPhone #iPhone8,0,
75,9.90298E+17,28-04-18 18:34,MoeM3Power,1891,"Munich, Bavaria",FALSE,1841,458,2693,23094,TRUE,"[{'indices': [88, 96], 'text': 'NewTech'}, {'indices': [97, 109], 'text': 'CuttingEdge'}]",Google's Pixel 3 Can Beat Apple And Samsung With These Features #NewTech #CuttingEdge‚Ä¶,0,
76,9.90297E+17,28-04-18 18:30,iPhone8andx,1903,United States,FALSE,56,5,19,9863,FALSE,"[{'indices': [0, 4], 'text': 'Win'}, {'indices': [18, 26], 'text': 'iPhoneX'}, {'indices': [33, 41], 'text': 'iPhone8'}, {'indices': [99, 108], 'text': 'Giveaway'}, {'indices': [109, 115], 'text': 'Phone'}]",#Win one of these #iPhoneX &amp; #iPhone8 ?? just RETWEET &amp; FOLLOW us COMMENT THE ONE YOU WANT #Giveaway #Phone 3,0,
77,9.90297E+17,28-04-18 18:30,CaseSwaggerUS,113,"Pennsylvania, USA",FALSE,28,19,208,278,FALSE,[],"Definitely not your grandfathers camo, check out all the vibrant camo designs today! Be sure to signup at‚Ä¶",0,
79,9.90295E+17,28-04-18 18:23,iPhone_wp_sc_en,4116,,FALSE,512,53,0,30617,FALSE,"[{'indices': [34, 42], 'text': 'iphone8'}, {'indices': [43, 53], 'text': 'wallpaper'}]",Cloud Sky #iphone8 #wallpaper,0,
82,9.9029E+17,28-04-18 18:00,iPhoneXNewsNow,412,United States,FALSE,2935,1,2899,720,FALSE,"[{'indices': [71, 79], 'text': 'iphonex'}, {'indices': [80, 88], 'text': 'iphone8'}]",Only 8 Million iPhone X Units Will be Manufactured in Q2 2018: Report #iphonex #iphone8,0,
84,9.90281E+17,28-04-18 17:24,serviceIcloudUs,20,United Kingdom,FALSE,0,1,16,243,FALSE,"[{'indices': [108, 115], 'text': 'iphone'}]",RT @serviceIcloudUs: iCloud Remove activation lock FREE. solution üëá Server unlock #iphone‚úÖ #Amsterdam#nederlands‚Ä¶,0,
85,9.90275E+17,28-04-18 17:01,iPhone8andx,1903,United States,FALSE,56,5,19,9863,FALSE,"[{'indices': [24, 28], 'text': 'Win'}, {'indices': [42, 50], 'text': 'iPhoneX'}, {'indices': [57, 65], 'text': 'iPhone8'}, {'indices': [123, 132], 'text': 'Giveaway'}, {'indices': [133, 139], 'text': 'Phone'}]",#Win one of these #iPhoneX &amp; #iPhone8 ?? just RETWEET &amp; FOLLOW us COMMENT THE ONE YOU WANT #Giveaway #Phone 48,0,
88,9.90269E+17,28-04-18 16:38,Achaulait,504,S√ªrement en Alaska,FALSE,1083,17,30428,15769,TRUE,[],@GiloulPV 1 iPhone8 cpas 50 centimes,0,
90,9.90262E+17,28-04-18 16:12,galaxycommus,24,"Neptune, NJ",FALSE,147,1,335,189,TRUE,"[{'indices': [41, 50], 'text': 'casemate'}, {'indices': [51, 59], 'text': 'iphonex'}, {'indices': [60, 71], 'text': 'iridescent'}, {'indices': [72, 82], 'text': 'toughlove'}, {'indices': [83, 91], 'text': 'iphonex'}, {'indices': [92, 103], 'text': 'iridescent'}, {'indices': [104, 114], 'text': 'toughlove'}]",For all you Iridescent loversüíï ‚Ä¢ ‚Ä¢ ‚Ä¢ #casemate #iphonex #iridescent #toughlove #iphonex #iridescent #toughlove‚Ä¶,0,
91,9.90262E+17,28-04-18 16:10,2ShoppingTrends,3253,United States,FALSE,2688,361,3516,7436,FALSE,"[{'indices': [21, 27], 'text': 'Check'}, {'indices': [32, 50], 'text': 'AliceinWonderland'}, {'indices': [51, 57], 'text': 'Black'}, {'indices': [58, 63], 'text': 'Hard'}, {'indices': [64, 69], 'text': 'Case'}, {'indices': [83, 89], 'text': 'Cover'}, {'indices': [90, 98], 'text': 'iphone6'}, {'indices': [99, 107], 'text': 'iPhone7'}, {'indices': [108, 116], 'text': 'iPhone8'}, {'indices': [117, 129], 'text': 'iPhone7Plus'}, {'indices': [130, 136], 'text': 'Apple'}]","RT @2ShoppingTrends: #Check out #AliceinWonderland #Black #Hard #Case 2.99"" Fitted #Cover #iphone6 #iPhone7 #iPhone8 #iPhone7Plus #Apple #‚Ä¶",0,
95,9.90256E+17,28-04-18 15:45,Winner_Unusual,99,Nigeria,FALSE,620,0,25,77,FALSE,[],@iPhone8andx iphone8,0,
97,9.90252E+17,28-04-18 15:32,Lockonloski,1228,,FALSE,1145,0,51,1141,TRUE,[],I want that red iPhone8,0,
98,9.90252E+17,28-04-18 15:30,iPhone8andx,1903,United States,FALSE,56,5,19,9863,FALSE,"[{'indices': [24, 28], 'text': 'Win'}, {'indices': [42, 50], 'text': 'iPhoneX'}, {'indices': [57, 65], 'text': 'iPhone8'}, {'indices': [123, 132], 'text': 'Giveaway'}, {'indices': [133, 139], 'text': 'Phone'}]",#Win one of these #iPhoneX &amp; #iPhone8 ?? just RETWEET &amp; FOLLOW us COMMENT THE ONE YOU WANT #Giveaway #Phone H,0,
104,9.90242E+17,28-04-18 14:52,KameeniChhori,14389,Kolkata. Chennai.,FALSE,152,196,8293,67496,FALSE,"[{'indices': [63, 71], 'text': 'iphone8'}]","Hey @airtelindia , here's my Airtel 4G selfie! Hope to win the #iphone8. Get clicking guys (tags: @ImSandeshJain,‚Ä¶",0,
105,9.90241E+17,28-04-18 14:46,Cases_Space_,17,,FALSE,2,1,2,2425,FALSE,"[{'indices': [56, 64], 'text': 'iphone8'}, {'indices': [65, 73], 'text': 'iphonex'}]","Baseball Cases For iPhone 4/5/6/7/8, 4/5/6s, 6/7/8 Plus #iphone8 #iphonex",0,
109,9.90237E+17,28-04-18 14:30,iPhone8andx,1903,United States,FALSE,56,5,19,9863,FALSE,"[{'indices': [0, 4], 'text': 'Win'}, {'indices': [18, 26], 'text': 'iPhoneX'}, {'indices': [33, 41], 'text': 'iPhone8'}, {'indices': [99, 108], 'text': 'Giveaway'}, {'indices': [109, 115], 'text': 'Phone'}]",#Win one of these #iPhoneX &amp; #iPhone8 ?? just RETWEET &amp; FOLLOW us COMMENT THE ONE YOU WANT #Giveaway #Phone 43,0,
110,9.90237E+17,28-04-18 14:30,NewApps4me,12519,Global,FALSE,13790,158,10440,74517,TRUE,"[{'indices': [52, 60], 'text': 'iphone8'}]",Cult of Mac Magazine: Who is Apple‚Äôs best CEO ever? #iphone8,0,
112,9.90236E+17,28-04-18 14:28,ioanna_238,151,"England, United Kingdom",FALSE,948,3,492,188,FALSE,"[{'indices': [73, 80], 'text': 'buynow'}, {'indices': [81, 90], 'text': 'discount'}, {'indices': [91, 104], 'text': 'discountcode'}, {'indices': [105, 111], 'text': 'sales'}, {'indices': [112, 119], 'text': 'iphone'}, {'indices': [120, 128], 'text': 'iphonex'}, {'indices': [129, 137], 'text': 'iphone7'}]",RT @ioanna_238: Code: T20 gives you 20% off on üòç #buynow #discount #discountcode #sales #iphone #iphonex #iphone7 #‚Ä¶,0,
115,9.90233E+17,28-04-18 14:15,_Yuki_K_,45,"Tokyo, JP",FALSE,84,4,9,1630,TRUE,"[{'indices': [7, 15], 'text': 'iphone8'}, {'indices': [27, 36], 'text': 'applepay'}]",Got an #iphone8 and set up #applepay by registering some credit cards in it. I dropped in on the nearest 7-Eleven t‚Ä¶,0,
118,9.90229E+17,28-04-18 14:00,eversobling,709,,FALSE,1358,4,0,6024,FALSE,"[{'indices': [83, 91], 'text': 'iPhone8'}, {'indices': [92, 100], 'text': 'iPhoneX'}, {'indices': [101, 112], 'text': 'BlingBling'}]",Floral Ribbon 3D Bling Swarovski Crystal iPhone 8 and iPhone 8 Plus Case - Purple #iPhone8 #iPhoneX #BlingBling C‚Ä¶,0,
119,9.90226E+17,28-04-18 13:45,GETIT_QA,62,Qatar,FALSE,488,1,30,124,FALSE,"[{'indices': [101, 108], 'text': 'iphone'}, {'indices': [109, 115], 'text': 'apple'}]","Shop for Latest iPhone Now. Choose from a selected range for you, just visit #iphone #apple‚Ä¶",0,
120,9.90225E+17,28-04-18 13:43,eStufsTech,391,India,FALSE,638,3,150,787,TRUE,"[{'indices': [8, 16], 'text': 'iPhone8'}, {'indices': [21, 33], 'text': 'iPhone8Plus'}, {'indices': [99, 108], 'text': 'ReadMore'}]",Apple‚Äôs #iPhone8 and #iPhone8Plus (PRODUCT) RED Editions are now available for purchase in India. #ReadMore‚Ä¶,0,
121,9.90222E+17,28-04-18 13:30,iPhone8andx,1903,United States,FALSE,56,5,19,9863,FALSE,"[{'indices': [0, 4], 'text': 'Win'}, {'indices': [18, 26], 'text': 'iPhoneX'}, {'indices': [33, 41], 'text': 'iPhone8'}, {'indices': [99, 108], 'text': 'Giveaway'}, {'indices': [109, 115], 'text': 'Phone'}]",#Win one of these #iPhoneX &amp; #iPhone8 ?? just RETWEET &amp; FOLLOW us COMMENT THE ONE YOU WANT #Giveaway #Phone 41,0,
122,9.90221E+17,28-04-18 13:27,sp_wallpaper,515,Web,FALSE,30,59,0,33132,FALSE,"[{'indices': [82, 90], 'text': 'iphone8'}, {'indices': [91, 101], 'text': 'wallpaper'}]",SmartPhone Wallpaper info:Landscape trees black and white #iphone8 #wallpaper,0,
125,9.90217E+17,28-04-18 13:09,MEDIABOXSTORE,22667,Egypt,FALSE,5268,1642,1967,550283,FALSE,[],"Item specifics Condition: New: A brand-new, unused, unopened, undamaged item in its‚Ä¶",0,
128,9.90215E+17,28-04-18 13:02,boomboxfun,5112,Egypt,FALSE,1756,225,54,74366,FALSE,[],For iPhone X 8 7 6 6S iphone8 Plus Shockproof Hybrid Bumper Slim Case Cover: Item specifics‚Ä¶,0,
130,9.90207E+17,28-04-18 12:30,iPhone8andx,1903,United States,FALSE,56,5,19,9863,FALSE,"[{'indices': [0, 4], 'text': 'Win'}, {'indices': [18, 26], 'text': 'iPhoneX'}, {'indices': [33, 41], 'text': 'iPhone8'}, {'indices': [99, 108], 'text': 'Giveaway'}, {'indices': [109, 115], 'text': 'Phone'}]",#Win one of these #iPhoneX &amp; #iPhone8 ?? just RETWEET &amp; FOLLOW us COMMENT THE ONE YOU WANT #Giveaway #Phone 39,0,
131,9.90204E+17,28-04-18 12:19,NaijaStore,3369,Online,FALSE,3330,80,5100,23494,FALSE,"[{'indices': [30, 46], 'text': 'WirelessCharger'}]","RT @NaijaStore: Yootech Smart #WirelessCharger Pad for iPhone8 iPhoneX, Samsung Galaxy ..see details‚Üíhttps://t.co/v3MHLrhuLF",0,
133,9.902E+17,28-04-18 12:03,iPhone8andx,1903,United States,FALSE,56,5,19,9863,FALSE,"[{'indices': [0, 4], 'text': 'Win'}, {'indices': [18, 26], 'text': 'iPhoneX'}, {'indices': [33, 41], 'text': 'iPhone8'}, {'indices': [99, 108], 'text': 'Giveaway'}, {'indices': [109, 115], 'text': 'Phone'}]",#Win one of these #iPhoneX &amp; #iPhone8 ?? just RETWEET &amp; FOLLOW us COMMENT THE ONE YOU WANT #Giveaway #Phone u,0,
136,9.90196E+17,28-04-18 11:49,Shutterbwoy,11734,"Mumbai, India",FALSE,511,15,7021,14913,FALSE,"[{'indices': [17, 25], 'text': 'iPhone8'}, {'indices': [97, 111], 'text': 'T20onAirtel4G'}]",You also can win #iPhone8 every day with clicking your selfie with @airtelindia Airtel 4G card. #T20onAirtel4G ! G‚Ä¶,0,
137,9.90195E+17,28-04-18 11:46,carmelina567,206,"Dubai, United Arab Emirates",FALSE,818,14,1952,2180,FALSE,"[{'indices': [47, 60], 'text': 'Annualsurvey'}, {'indices': [94, 102], 'text': 'iPhone8'}]",RT @homegenie_me: Are you participating in our #Annualsurvey? Don't miss the chance to win an #iPhone8! Enter from here:,0,
138,9.90192E+17,28-04-18 11:31,iPhone8andx,1903,United States,FALSE,56,5,19,9863,FALSE,"[{'indices': [0, 4], 'text': 'Win'}, {'indices': [18, 26], 'text': 'iPhoneX'}, {'indices': [33, 41], 'text': 'iPhone8'}, {'indices': [99, 108], 'text': 'Giveaway'}, {'indices': [109, 115], 'text': 'Phone'}]",#Win one of these #iPhoneX &amp; #iPhone8 ?? just RETWEET &amp; FOLLOW us COMMENT THE ONE YOU WANT #Giveaway #Phone 35,0,
140,9.90187E+17,28-04-18 11:11,Kimishi_13,54,,FALSE,523,0,59,156,FALSE,[],RT @Neddy3283: iPhone X Giveaway! Like Retweet Follow me Comment your full adress And why you want iPhone! 1 Retweet = 1 iPhone 1 Follow‚Ä¶,0,
142,9.90185E+17,28-04-18 11:04,zeusadsolutions,1176,"Dehradun, India",FALSE,1943,88,56,3433,FALSE,"[{'indices': [13, 20], 'text': 'Mobile'}, {'indices': [21, 36], 'text': 'Appdevelopment'}, {'indices': [54, 62], 'text': 'Android'}, {'indices': [64, 72], 'text': 'iPhone8'}, {'indices': [80, 90], 'text': 'MobileApp'}]","Join leading #Mobile #Appdevelopment Company offering #Android, #iPhone8 Custom #MobileApp Development Services‚Ä¶",0,
143,9.90184E+17,28-04-18 11:01,iPhone8andx,1903,United States,FALSE,56,5,19,9863,FALSE,"[{'indices': [0, 4], 'text': 'Win'}, {'indices': [18, 26], 'text': 'iPhoneX'}, {'indices': [33, 41], 'text': 'iPhone8'}, {'indices': [99, 108], 'text': 'Giveaway'}, {'indices': [109, 115], 'text': 'Phone'}]",#Win one of these #iPhoneX &amp; #iPhone8 ?? just RETWEET &amp; FOLLOW us COMMENT THE ONE YOU WANT #Giveaway #Phone,0,
146,9.9018E+17,28-04-18 10:43,Pocket_PDCA,84,apple itunes store,FALSE,165,3,372,2669,FALSE,"[{'indices': [0, 5], 'text': 'PDCA'}, {'indices': [6, 14], 'text': 'iphone8'}, {'indices': [15, 21], 'text': 'ionic'}, {'indices': [22, 29], 'text': 'newapp'}]","#PDCA #iphone8 #ionic #newapp It is ""pocketPDCA"" that you can use easily PDCA cycle on your smartphone.‚Ä¶",0,
147,9.90179E+17,28-04-18 10:40,eversobling,709,,FALSE,1358,4,0,6024,FALSE,"[{'indices': [60, 68], 'text': 'iPhone8'}, {'indices': [69, 77], 'text': 'iPhoneX'}, {'indices': [78, 89], 'text': 'BlingBling'}]",Leo Bling Swarovski Crystal iPhone 8 and iPhone 8 Plus Case #iPhone8 #iPhoneX #BlingBling Click here -&gt;‚Ä¶,0,
151,9.90171E+17,28-04-18 10:08,Gizchina,11899,"Qingdao, China",FALSE,472,273,9,26386,FALSE,"[{'indices': [78, 86], 'text': 'iPhone8'}, {'indices': [87, 94], 'text': 'iPhone'}]","Apple iPhone 8, iPhone 8 Plus (Product) Red Special Edition launched in India #iPhone8 #iPhone 8Plus (PRODUCT) RED‚Ä¶",0,
152,9.9017E+17,28-04-18 10:06,DamienSchreurs,179,Luxembourg,FALSE,138,10,22,1731,FALSE,"[{'indices': [88, 94], 'text': 'Apple'}, {'indices': [95, 99], 'text': 'iOS'}, {'indices': [100, 107], 'text': 'iCloud'}, {'indices': [108, 115], 'text': 'iPhone'}]",Wondering how to sync Google Photos with iCloud Photo Library? #Apple #iOS #iCloud #iPhone‚Ä¶,0,
153,9.90169E+17,28-04-18 10:01,iPhone8andx,1903,United States,FALSE,56,5,19,9863,FALSE,"[{'indices': [0, 4], 'text': 'Win'}, {'indices': [18, 26], 'text': 'iPhoneX'}, {'indices': [33, 41], 'text': 'iPhone8'}, {'indices': [99, 108], 'text': 'Giveaway'}, {'indices': [109, 115], 'text': 'Phone'}]",#Win one of these #iPhoneX &amp; #iPhone8 ?? just RETWEET &amp; FOLLOW us COMMENT THE ONE YOU WANT #Giveaway #Phone 34,0,
154,9.90167E+17,28-04-18 9:54,MyFashionVilla,6678,India,FALSE,1610,114,4248,10056,TRUE,"[{'indices': [21, 35], 'text': 'T20onAirtel4G'}]",This is my Airtel 4G #T20onAirtel4G selfie! An amazing contest by @airtelindia guys.. Do participate to win an‚Ä¶,0,
157,9.90164E+17,28-04-18 9:39,mayflashfly,14262,Thailand,FALSE,419,192,1361,150914,TRUE,"[{'indices': [41, 50], 'text': 'flashfly'}, {'indices': [51, 59], 'text': 'iPhone8'}, {'indices': [60, 78], 'text': 'applewatchseries3'}, {'indices': [79, 83], 'text': 'LTE'}]",iPhone 8 RED vs Apple Watch Series 3 LTE #flashfly #iPhone8 #applewatchseries3 #LTE,0,
162,9.9015E+17,28-04-18 8:43,Zeenia_I123,4554,,FALSE,2139,8,2015,14815,FALSE,"[{'indices': [37, 51], 'text': 'T20onAirtel4G'}, {'indices': [92, 100], 'text': 'Iphone8'}]",RT @ZeniaIrani: This is my Airtel 4G #T20onAirtel4G selfie! Share your selfies too guys! An #Iphone8 is up for grabs. @airtelindia Hey @b‚Ä¶,0,
163,9.90149E+17,28-04-18 8:43,Pocket_PDCA,84,apple itunes store,FALSE,165,3,372,2669,FALSE,"[{'indices': [0, 5], 'text': 'PDCA'}, {'indices': [6, 14], 'text': 'iphone8'}, {'indices': [15, 21], 'text': 'ionic'}, {'indices': [22, 29], 'text': 'newapp'}]","#PDCA #iphone8 #ionic #newapp It is ""pocketPDCA"" that you can use easily PDCA cycle on your smartphone. [Youtube]",0,
167,9.90144E+17,28-04-18 8:22,sp_wallpaper,515,Web,FALSE,30,59,0,33132,FALSE,"[{'indices': [79, 87], 'text': 'iphone8'}, {'indices': [88, 98], 'text': 'wallpaper'}]",SmartPhone Wallpaper info:Ground keyboard Orange white #iphone8 #wallpaper,0,
168,9.90144E+17,28-04-18 8:22,vishalgiri13119,35,"Maharashtra, India",FALSE,297,0,8324,8007,FALSE,"[{'indices': [111, 119], 'text': 'iPhone8'}]","RT @MakTechBlog: Apple iPhone 8 and 8 Plus (Product) Red edition launched in India, price starts at Rs. 67,940 #iPhone8",0,
169,9.90144E+17,28-04-18 8:20,iPhone_wp_sc_en,4116,,FALSE,512,53,0,30617,FALSE,"[{'indices': [53, 61], 'text': 'iphone8'}, {'indices': [62, 72], 'text': 'wallpaper'}]",Ground keyboard Orange white #iphone8 #wallpaper,0,
170,9.90144E+17,28-04-18 8:20,EngrWasimsafdar,1156,Copenhagen,FALSE,4992,9,638,654,FALSE,"[{'indices': [30, 45], 'text': 'iCamTranslator'}, {'indices': [59, 66], 'text': 'iPhone'}, {'indices': [117, 125], 'text': 'iPhone7'}, {'indices': [128, 132], 'text': 'iOS'}, {'indices': [133, 138], 'text': 'Apps'}]",RT @EngrWasimsafdar: Download #iCamTranslator free on your #iPhone and subscribe any feature and get a chance to win #iPhone7. #iOS #Apps‚Ä¶,0,
171,9.90142E+17,28-04-18 8:15,being_rockyy,1708,"New Delhi, India",FALSE,130,4,86,15039,TRUE,"[{'indices': [105, 113], 'text': 'iphone8'}]",RT @miss_cherished: Here is my selfie with @airtelindia 4G T20 cricket season pass. I really Hope to win #iphone8. All you guys Participate‚Ä¶,0,
174,9.90139E+17,28-04-18 8:01,iPhone8andx,1903,United States,FALSE,56,5,19,9863,FALSE,"[{'indices': [0, 4], 'text': 'Win'}, {'indices': [18, 26], 'text': 'iPhoneX'}, {'indices': [33, 41], 'text': 'iPhone8'}, {'indices': [99, 108], 'text': 'Giveaway'}, {'indices': [109, 115], 'text': 'Phone'}]",#Win one of these #iPhoneX &amp; #iPhone8 ?? just RETWEET &amp; FOLLOW us COMMENT THE ONE YOU WANT #Giveaway #Phone 30,0,
175,9.90139E+17,28-04-18 8:01,janveethakral,177,,FALSE,1,0,0,675,FALSE,"[{'indices': [7, 15], 'text': 'iPhone8'}, {'indices': [28, 42], 'text': 'T20onAirtel4G'}]",Win an #iPhone8 every day.. #T20onAirtel4G,0,
177,9.90139E+17,28-04-18 8:00,MakTechBlog,5721,India,FALSE,423,58,5,6039,TRUE,"[{'indices': [94, 102], 'text': 'iPhone8'}]","Apple iPhone 8 and 8 Plus (Product) Red edition launched in India, price starts at Rs. 67,940 #iPhone8‚Ä¶",0,
182,9.90134E+17,28-04-18 7:40,rishabhanalyst,163688,"Noida, India",FALSE,146779,271,2,4769,TRUE,"[{'indices': [21, 35], 'text': 'T20onAirtel4G'}, {'indices': [56, 64], 'text': 'iphone8'}, {'indices': [93, 101], 'text': 'contest'}]","This is my Airtel 4G #T20onAirtel4G selfie! Hope to win #iphone8 üòä. Guys, Participate in the #contest now .. Don't‚Ä¶",0,
185,9.90126E+17,28-04-18 7:10,eversobling,709,,FALSE,1358,4,0,6024,FALSE,"[{'indices': [84, 92], 'text': 'iPhone8'}, {'indices': [93, 101], 'text': 'iPhoneX'}, {'indices': [102, 113], 'text': 'BlingBling'}]",Floral Butterfly 3D Bling Swarovski Crystal iPhone 8 and iPhone 8 Plus Case - Blue #iPhone8 #iPhoneX #BlingBling‚Ä¶,0,
187,9.90123E+17,28-04-18 7:00,homegenie_me,252,"Dubai, United Arab Emirates",FALSE,128,6,1,383,TRUE,"[{'indices': [29, 42], 'text': 'Annualsurvey'}, {'indices': [76, 84], 'text': 'iPhone8'}]",Are you participating in our #Annualsurvey? Don't miss the chance to win an #iPhone8! Enter from here:‚Ä¶,0,
188,9.90123E+17,28-04-18 6:57,NewApps4me,12519,Global,FALSE,13790,158,10440,74517,TRUE,"[{'indices': [0, 6], 'text': 'Daily'}, {'indices': [49, 57], 'text': 'iphone8'}, {'indices': [58, 65], 'text': 'iphone'}]",#Daily Apps News is out! #iphone8 #iphone,0,
192,9.90119E+17,28-04-18 6:42,miss_cherished,17448,"New Delhi, India",FALSE,256,92,18995,150892,TRUE,"[{'indices': [85, 93], 'text': 'iphone8'}]",Here is my selfie with @airtelindia 4G T20 cricket season pass. I really Hope to win #iphone8. All you guys Partici‚Ä¶,0,
193,9.90118E+17,28-04-18 6:38,anahitairani1,23447,"Mumbai, India",FALSE,1051,199,23480,101806,TRUE,[],Here is my selfie with @airtelindia 4G for T20 cricket season pass. Hey @tofarzeen @MehekMahtani @iswatisingh Sha‚Ä¶,0,
195,9.90116E+17,28-04-18 6:30,gizbot,22701,,TRUE,729,408,407,67107,TRUE,"[{'indices': [6, 14], 'text': 'iPhone8'}, {'indices': [16, 28], 'text': 'iPhone8Plus'}]","Apple #iPhone8, #iPhone8Plus (PRODUCT) RED Special Edition now available in India starting at Rs 67,940 @Apple",0,
196,9.90115E+17,28-04-18 6:27,ImagineApplePR,457,Delhi,FALSE,29,12,235,2234,FALSE,"[{'indices': [0, 8], 'text': 'iPhone8'}, {'indices': [59, 67], 'text': 'iPhone8'}]",#iPhone8 Engineered to resist water &amp; Dust. Unbox your #iPhone8 at Imagine Apple Premium Reseller. Call 82874-82874‚Ä¶,0,
197,9.90112E+17,28-04-18 6:15,ajitpratap,250,Gurgaon,FALSE,549,10,2059,3812,TRUE,[],@AppleSupport @Apple @tim_cook My new iPhone8 is not working. Purchased on 13th april only. Dealer is not helping m‚Ä¶,0,
198,9.90109E+17,28-04-18 6:01,rvirgo9,16516,India,FALSE,902,330,50765,199908,TRUE,"[{'indices': [95, 103], 'text': 'iphone8'}]",Happy weekend! ‚ù§Ô∏è‚ù§Ô∏èHere is my selfie with @airtelindia 4G T20 cricket season pass. Hope to win #iphone8. Go Partici‚Ä¶,0,
200,9.90106E+17,28-04-18 5:51,maidenjpshop,122,"Bangkok, Thailand",FALSE,15,0,937,1417,FALSE,"[{'indices': [22, 31], 'text': 'PreOrder'}]",RT @maidennbag2018: üî• #PreOrder üî• ‚úî‡∏õ‡∏¥‡∏î‡∏£‡∏≠‡∏ö 9 ‡∏û‡∏Ñ.‚úî Soft-case Donald duck&amp;friends! -iphone6 / 6s -iphone 6+ / 6s+ -iphone7 / 7+ -iphone8 / 8‚Ä¶,0,
201,9.90106E+17,28-04-18 5:49,roomeezon,12503,TownHills,FALSE,2004,18358,689070,927887,TRUE,"[{'indices': [65, 75], 'text': 'Westbrook'}, {'indices': [76, 83], 'text': 'iphone'}, {'indices': [84, 92], 'text': 'iphonex'}, {'indices': [93, 99], 'text': 'apple'}, {'indices': [100, 107], 'text': 'design'}, {'indices': [108, 122], 'text': 'productdesign'}, {'indices': [123, 135], 'text': 'kickstarter'}]",RT @Creatio_Dez: Everything is ready. Shipment will begin soon! #Westbrook #iphone #iphonex #apple #design #productdesign #kickstarter #in‚Ä¶,0,
202,9.90104E+17,28-04-18 5:43,maidennbag2018,196,"Bangkok, Thailand",FALSE,1,0,14,176,FALSE,"[{'indices': [2, 11], 'text': 'PreOrder'}]",üî• #PreOrder üî• ‚úî‡∏õ‡∏¥‡∏î‡∏£‡∏≠‡∏ö 9 ‡∏û‡∏Ñ.‚úî Soft-case Donald duck&amp;friends! -iphone6 / 6s -iphone 6+ / 6s+ -iphone7 / 7+ -iphone8‚Ä¶,0,
203,9.90104E+17,28-04-18 5:43,Creatio_Dez,55,,FALSE,46,11,140,198,FALSE,"[{'indices': [48, 58], 'text': 'Westbrook'}, {'indices': [59, 66], 'text': 'iphone'}, {'indices': [67, 75], 'text': 'iphonex'}, {'indices': [76, 82], 'text': 'apple'}, {'indices': [83, 90], 'text': 'design'}, {'indices': [91, 105], 'text': 'productdesign'}]",Everything is ready. Shipment will begin soon! #Westbrook #iphone #iphonex #apple #design #productdesign‚Ä¶,0,
207,9.90094E+17,28-04-18 5:04,TopCellularDeal,665,,FALSE,242,35,1,57408,FALSE,[],"ENUOSUMA Wireless Charger, Qi Wireless Charging Pad for iPhone XÔºåiPhone8/8 Plus,Galaxy S8/S7/S7 edge/S6 edge+,Note5‚Ä¶",0,
208,9.90094E+17,28-04-18 5:01,iPhone8andx,1903,United States,FALSE,56,5,19,9863,FALSE,"[{'indices': [0, 4], 'text': 'Win'}, {'indices': [18, 26], 'text': 'iPhoneX'}, {'indices': [33, 41], 'text': 'iPhone8'}, {'indices': [99, 108], 'text': 'Giveaway'}, {'indices': [109, 115], 'text': 'Phone'}]",#Win one of these #iPhoneX &amp; #iPhone8 ?? just RETWEET &amp; FOLLOW us COMMENT THE ONE YOU WANT #Giveaway #Phone 24,0,
211,9.90091E+17,28-04-18 4:50,iOSdevTweets,665,,FALSE,9,23,0,26312,FALSE,"[{'indices': [58, 64], 'text': 'Apple'}, {'indices': [65, 69], 'text': 'iOS'}, {'indices': [70, 78], 'text': 'iPhoneX'}, {'indices': [79, 87], 'text': 'iPhone8'}, {'indices': [88, 99], 'text': 'AppleWatch'}, {'indices': [100, 105], 'text': 'iPad'}]",RT @NoVuapp: NoVu: GIF Keyboard featured in actualapple üì≤ #Apple #iOS #iPhoneX #iPhone8 #AppleWatch #iPad,0,
212,9.90091E+17,28-04-18 4:50,iOSdevTweets,665,,FALSE,9,23,0,26312,FALSE,"[{'indices': [65, 69], 'text': 'iOS'}, {'indices': [70, 78], 'text': 'iPhoneX'}, {'indices': [79, 87], 'text': 'iPhone8'}, {'indices': [88, 93], 'text': 'iPad'}, {'indices': [94, 105], 'text': 'AppleWatch'}]",RT @NoVuapp: 8 paid iPhone apps you can download for free today. #iOS #iPhoneX #iPhone8 #iPad #AppleWatch,0,
216,9.90086E+17,28-04-18 4:31,IGIG_CENTER,48,"San Juan City, National Capital Region",FALSE,67,8,11,6077,TRUE,[],Baseus Headphone Adapter Support Charger For iPhone 7 Cable For Lightning Earphone Fast Charging and Music For iPho‚Ä¶,0,
218,9.9008E+17,28-04-18 4:06,Amane_Tokiori,481,Ê≤ôÂ§ú„Å®„ÅÑ„Åü„ÅÑÊ≤ôÂ§ú„Å®„ÅÑ„Åü„ÅÑÊ≤ôÂ§ú„Å®...(Â∫ÉÂ≥∂),FALSE,339,20,12007,13910,FALSE,[],@Ruri_Selene iPhone8Ôºü,0,
219,9.90079E+17,28-04-18 4:01,iPhone8andx,1903,United States,FALSE,56,5,19,9863,FALSE,"[{'indices': [0, 4], 'text': 'Win'}, {'indices': [18, 26], 'text': 'iPhoneX'}, {'indices': [33, 41], 'text': 'iPhone8'}, {'indices': [99, 108], 'text': 'Giveaway'}, {'indices': [109, 115], 'text': 'Phone'}]",#Win one of these #iPhoneX &amp; #iPhone8 ?? just RETWEET &amp; FOLLOW us COMMENT THE ONE YOU WANT #Giveaway #Phone 22,0,
222,9.90072E+17,28-04-18 3:35,adriena_usa,9,United States,FALSE,72,0,149,31,FALSE,"[{'indices': [36, 43], 'text': 'iPhone'}, {'indices': [44, 51], 'text': 'iPhone'}, {'indices': [52, 58], 'text': 'apple'}, {'indices': [59, 69], 'text': 'teamapple'}, {'indices': [70, 82], 'text': 'appleiphone'}, {'indices': [83, 91], 'text': 'iphonex'}, {'indices': [92, 104], 'text': 'iphone8plus'}, {'indices': [105, 113], 'text': 'iphone8'}, {'indices': [114, 126], 'text': 'iphone7plus'}, {'indices': [127, 135], 'text': 'iphone7'}]",RT @Meritc_: New iPhone Concept! üî•üòç #iPhone #iPhone #apple #teamapple #appleiphone #iphonex #iphone8plus #iphone8 #iphone7plus #iphone7 #Ap‚Ä¶,0,
224,9.90071E+17,28-04-18 3:30,iPhone8andx,1903,United States,FALSE,56,5,19,9863,FALSE,"[{'indices': [0, 4], 'text': 'Win'}, {'indices': [18, 26], 'text': 'iPhoneX'}, {'indices': [33, 41], 'text': 'iPhone8'}, {'indices': [99, 108], 'text': 'Giveaway'}, {'indices': [109, 115], 'text': 'Phone'}]",#Win one of these #iPhoneX &amp; #iPhone8 ?? just RETWEET &amp; FOLLOW us COMMENT THE ONE YOU WANT #Giveaway #Phone 21,0,
225,9.90071E+17,28-04-18 3:30,eversobling,709,,FALSE,1358,4,0,6024,FALSE,"[{'indices': [70, 78], 'text': 'iPhone8'}, {'indices': [79, 87], 'text': 'iPhoneX'}, {'indices': [88, 99], 'text': 'BlingBling'}]",Blossom Bling Swarovski Crystal Samsung Galaxy S3 i9300 Cases - Black #iPhone8 #iPhoneX #BlingBling Click here -&gt;‚Ä¶,0,
226,9.9007E+17,28-04-18 3:29,bilirubean,430,"Seoul, Republic of Korea",FALSE,667,0,12498,6967,FALSE,[],RT @osswhalegum: Lmao johny will be giving away a red iphone8. Keep checking his ig guys,0,
229,9.90067E+17,28-04-18 3:16,iPhone_wp_sc_en,4116,,FALSE,512,53,0,30617,FALSE,"[{'indices': [41, 49], 'text': 'iphone8'}, {'indices': [50, 60], 'text': 'wallpaper'}]",Gradation yellow #iphone8 #wallpaper,0,
231,9.90064E+17,28-04-18 3:05,TechGuyBert,82,"Toronto, ON",FALSE,266,19,4763,6396,FALSE,"[{'indices': [76, 87], 'text': 'AppleWatch'}, {'indices': [88, 96], 'text': 'iPhoneX'}, {'indices': [97, 115], 'text': 'AppleWatchSeries3'}, {'indices': [116, 123], 'text': 'iPhone'}, {'indices': [124, 132], 'text': 'iPhone8'}]",RT @TechInRL: Setup Apple Watch on Your New iPhone! #AppleWatch #iPhoneX #AppleWatchSeries3 #iPhone #iPhone8 #techn‚Ä¶,0,
233,9.90057E+17,28-04-18 2:35,LifeHacksIRL,5922,,FALSE,6122,22,29,4802,FALSE,"[{'indices': [0, 3], 'text': 'RT'}, {'indices': [77, 88], 'text': 'AppleWatch'}, {'indices': [89, 97], 'text': 'iPhoneX'}]",#RT @TechInRL: Setup Apple Watch on Your New iPhone! #AppleWatch #iPhoneX‚Ä¶,0,
235,9.90048E+17,28-04-18 2:00,TechInRL,1351,Canada,FALSE,1444,1,4,1865,FALSE,"[{'indices': [62, 73], 'text': 'AppleWatch'}, {'indices': [74, 82], 'text': 'iPhoneX'}, {'indices': [83, 101], 'text': 'AppleWatchSeries3'}, {'indices': [102, 109], 'text': 'iPhone'}, {'indices': [110, 118], 'text': 'iPhone8'}, {'indices': [119, 130], 'text': 'technology'}]",Setup Apple Watch on Your New iPhone! #AppleWatch #iPhoneX #AppleWatchSeries3 #iPhone #iPhone8 #technology,0,
237,9.90043E+17,28-04-18 1:40,CaseSwaggerUS,113,"Pennsylvania, USA",FALSE,28,19,208,278,FALSE,[],"Not your traditional American Flag design, but none the less still pretty epic... Be sure to signup at‚Ä¶",0,
239,9.90037E+17,28-04-18 1:16,jackhp39,5,"Hawthorn Woods, IL",FALSE,96,0,7,152,FALSE,"[{'indices': [50, 58], 'text': 'iPhone8'}, {'indices': [59, 64], 'text': 'iOS6'}, {'indices': [65, 79], 'text': 'ScottForstall'}, {'indices': [80, 90], 'text': 'SteveJobs'}, {'indices': [91, 98], 'text': 'legacy'}]",RT @tjc1235: Retweet if you wish this were real!! #iPhone8 #iOS6 #ScottForstall #SteveJobs #legacy,0,
240,9.90029E+17,28-04-18 0:44,ioanna_238,151,"England, United Kingdom",FALSE,948,3,492,188,FALSE,"[{'indices': [57, 64], 'text': 'buynow'}, {'indices': [65, 74], 'text': 'discount'}, {'indices': [75, 88], 'text': 'discountcode'}, {'indices': [89, 95], 'text': 'sales'}, {'indices': [96, 103], 'text': 'iphone'}, {'indices': [104, 112], 'text': 'iphonex'}]",Code: T20 gives you 20% off on üòç #buynow #discount #discountcode #sales #iphone #iphonex‚Ä¶,0,
241,9.90029E+17,28-04-18 0:42,ioanna_238,151,"England, United Kingdom",FALSE,948,3,492,188,FALSE,"[{'indices': [104, 115], 'text': 'headphones'}, {'indices': [116, 126], 'text': 'earphones'}, {'indices': [127, 134], 'text': 'iphone'}]",RT @ioanna_238: Code: IOANNA gives you 20% off at üòç(offer valid until 11/05/18) #headphones #earphones #iphone #iph‚Ä¶,0,
243,9.90019E+17,28-04-18 0:03,iPhone8andx,1903,United States,FALSE,56,5,19,9863,FALSE,"[{'indices': [0, 4], 'text': 'Win'}, {'indices': [18, 26], 'text': 'iPhoneX'}, {'indices': [33, 41], 'text': 'iPhone8'}, {'indices': [99, 108], 'text': 'Giveaway'}, {'indices': [109, 115], 'text': 'Phone'}]",#Win one of these #iPhoneX &amp; #iPhone8 ?? just RETWEET &amp; FOLLOW us COMMENT THE ONE YOU WANT #Giveaway #Phone 14,0,
244,9.90018E+17,28-04-18 0:00,eversobling,709,,FALSE,1358,4,0,6024,FALSE,"[{'indices': [37, 45], 'text': 'iPhone8'}, {'indices': [46, 54], 'text': 'iPhoneX'}, {'indices': [55, 66], 'text': 'BlingBling'}]",Classic Crystal New iPad Case - Pink #iPhone8 #iPhoneX #BlingBling Click here -&gt;,0,
245,9.90016E+17,27-04-18 23:51,up2datetrending,51,India,FALSE,51,0,32,69,TRUE,"[{'indices': [102, 110], 'text': 'iPhone8'}]",Apples (PRODUCT) RED Editions of iPhone 8 and iPhone 8 Plus are finally available for sale in India. #iPhone8‚Ä¶,0,
248,9.90011E+17,27-04-18 23:31,Roc091,73,People's Republic of China,FALSE,234,0,1540,82,TRUE,"[{'indices': [57, 77], 'text': 'promotionalproducts'}, {'indices': [78, 84], 'text': 'promo'}, {'indices': [85, 102], 'text': 'wirelesschargers'}]",Elephant Wireless Charger Contact: roc@everacepromo.com #promotionalproducts #promo #wirelesschargers‚Ä¶,0,
250,9.9001E+17,27-04-18 23:30,NewApps4me,12519,Global,FALSE,13790,158,10440,74517,TRUE,"[{'indices': [53, 61], 'text': 'iphone8'}]",Five Useful Mac Apps Worth Checking Out - April 2018 #iphone8,0,
253,9.90003E+17,27-04-18 23:00,Mscv50,19932,"Amsterdam, The Netherlands",FALSE,9431,180,51993,29035,FALSE,[],RT @tech__giveaways: Just saw this on Amazon: NuAns ROLLDOCK Lightning Mobile Battery Dock 3000... for $49.99 via @‚Ä¶,0,
254,9.90002E+17,27-04-18 22:57,iammudan,1426,‚Ñãeavenly‚ÑÇourt‚ÑÇelestial‚Ñ≥ansion,FALSE,97,3,1140,8764,TRUE,"[{'indices': [66, 74], 'text': 'iPhone8'}, {'indices': [76, 88], 'text': 'iPhone8Plus'}, {'indices': [93, 101], 'text': 'iPhoneX'}]","RT @gizbot: Belkin has unveiled its new wireless charging pad for #iPhone8, #iPhone8Plus and #iPhoneX. @belkin",0,
257,9.89995E+17,27-04-18 22:30,iPhone8andx,1903,United States,FALSE,56,5,19,9863,FALSE,"[{'indices': [0, 4], 'text': 'Win'}, {'indices': [18, 26], 'text': 'iPhoneX'}, {'indices': [33, 41], 'text': 'iPhone8'}, {'indices': [99, 108], 'text': 'Giveaway'}, {'indices': [109, 115], 'text': 'Phone'}]",#Win one of these #iPhoneX &amp; #iPhone8 ?? just RETWEET &amp; FOLLOW us COMMENT THE ONE YOU WANT #Giveaway #Phone 11,0,
258,9.89995E+17,27-04-18 22:30,NewApps4me,12519,Global,FALSE,13790,158,10440,74517,TRUE,"[{'indices': [62, 70], 'text': 'iphone8'}]",Apple working on wireless AR/VR headset with dual 8K displays #iphone8,0,
260,9.89992E+17,27-04-18 22:17,sp_wallpaper,515,Web,FALSE,30,59,0,33132,FALSE,"[{'indices': [63, 71], 'text': 'iphone8'}, {'indices': [72, 82], 'text': 'wallpaper'}]",SmartPhone Wallpaper info:Cloudy Green #iphone8 #wallpaper,0,
261,9.89991E+17,27-04-18 22:15,iPhone_wp_sc_en,4116,,FALSE,512,53,0,30617,FALSE,"[{'indices': [37, 45], 'text': 'iphone8'}, {'indices': [46, 56], 'text': 'wallpaper'}]",Cloudy Green #iphone8 #wallpaper,0,
262,9.8998E+17,27-04-18 21:30,iPhone8andx,1903,United States,FALSE,56,5,19,9863,FALSE,"[{'indices': [0, 4], 'text': 'Win'}, {'indices': [18, 26], 'text': 'iPhoneX'}, {'indices': [33, 41], 'text': 'iPhone8'}, {'indices': [99, 108], 'text': 'Giveaway'}, {'indices': [109, 115], 'text': 'Phone'}]",#Win one of these #iPhoneX &amp; #iPhone8 ?? just RETWEET &amp; FOLLOW us COMMENT THE ONE YOU WANT #Giveaway #Phone 9,0,
266,9.89973E+17,27-04-18 21:01,blogengageiam,4,United,FALSE,143,0,1,519,FALSE,[],Apple iPhone8 and 8 Plus RED Special Edition now available in India,0,
268,9.89968E+17,27-04-18 20:44,gadgets_ng,257,No 4 Medical Road Ikeja Lagos,FALSE,963,0,620,385,FALSE,[],Ask and it shall be given on to you..üòÑüòÉ Seen what you like? Don‚Äôt hesitate to DM or Call üìû‚òéÔ∏è 07039858496 : ...let‚Äôs‚Ä¶,0,
269,9.89968E+17,27-04-18 20:43,Meritc_,469,"California, USA",FALSE,26,0,5122,163,FALSE,"[{'indices': [23, 30], 'text': 'iPhone'}, {'indices': [31, 38], 'text': 'iPhone'}, {'indices': [39, 45], 'text': 'apple'}, {'indices': [46, 56], 'text': 'teamapple'}, {'indices': [57, 69], 'text': 'appleiphone'}, {'indices': [70, 78], 'text': 'iphonex'}, {'indices': [79, 91], 'text': 'iphone8plus'}, {'indices': [92, 100], 'text': 'iphone8'}, {'indices': [101, 113], 'text': 'iphone7plus'}]",New iPhone Concept! üî•üòç #iPhone #iPhone #apple #teamapple #appleiphone #iphonex #iphone8plus #iphone8 #iphone7plus‚Ä¶,0,
271,9.89965E+17,27-04-18 20:30,iPhone8andx,1903,United States,FALSE,56,5,19,9863,FALSE,"[{'indices': [0, 4], 'text': 'Win'}, {'indices': [18, 26], 'text': 'iPhoneX'}, {'indices': [33, 41], 'text': 'iPhone8'}, {'indices': [99, 108], 'text': 'Giveaway'}, {'indices': [109, 115], 'text': 'Phone'}]",#Win one of these #iPhoneX &amp; #iPhone8 ?? just RETWEET &amp; FOLLOW us COMMENT THE ONE YOU WANT #Giveaway #Phone 7,0,
272,9.89965E+17,27-04-18 20:30,NewApps4me,12519,Global,FALSE,13790,158,10440,74517,TRUE,"[{'indices': [88, 96], 'text': 'iphone8'}]",How to add trusted phone numbers for Two-Factor Authentication to your Apple ID account #iphone8,0,
275,9.89957E+17,27-04-18 19:58,EngrWasimsafdar,1156,Copenhagen,FALSE,4992,9,638,654,FALSE,"[{'indices': [9, 24], 'text': 'iCamTranslator'}, {'indices': [38, 45], 'text': 'iPhone'}, {'indices': [96, 104], 'text': 'iPhone7'}, {'indices': [107, 111], 'text': 'iOS'}]",Download #iCamTranslator free on your #iPhone and subscribe any feature and get a chance to win #iPhone7. #iOS‚Ä¶,0,
276,9.89953E+17,27-04-18 19:44,ArtRetail,106,USA,FALSE,51,73,417,3825,FALSE,"[{'indices': [15, 23], 'text': 'iPhoneX'}, {'indices': [24, 30], 'text': 'Cases'}, {'indices': [70, 77], 'text': 'design'}, {'indices': [84, 89], 'text': 'Case'}, {'indices': [90, 96], 'text': 'Brand'}, {'indices': [98, 104], 'text': 'Apple'}, {'indices': [105, 111], 'text': 'phone'}, {'indices': [112, 123], 'text': 'phonecases'}, {'indices': [124, 131], 'text': 'online'}, {'indices': [132, 139], 'text': 'google'}]",RT @ArtRetail: #iPhoneX #Cases üå∏https://t.co/E5R9uTND7X üëâüèªApply any #design 2 any #Case #Brand #Apple #phone #phonecases #online #google‚Ä¶,0,
277,9.8995E+17,27-04-18 19:30,iPhone8andx,1903,United States,FALSE,56,5,19,9863,FALSE,"[{'indices': [0, 4], 'text': 'Win'}, {'indices': [18, 26], 'text': 'iPhoneX'}, {'indices': [33, 41], 'text': 'iPhone8'}, {'indices': [99, 108], 'text': 'Giveaway'}, {'indices': [109, 115], 'text': 'Phone'}]",#Win one of these #iPhoneX &amp; #iPhone8 ?? just RETWEET &amp; FOLLOW us COMMENT THE ONE YOU WANT #Giveaway #Phone 5,0,
279,9.89946E+17,27-04-18 19:13,elementalcases,110,"Los Angeles, CA",FALSE,64,18,8,1336,FALSE,"[{'indices': [21, 27], 'text': 'blush'}, {'indices': [28, 43], 'text': 'elementalcases'}, {'indices': [44, 55], 'text': 'applewatch'}, {'indices': [56, 64], 'text': 'iphoneX'}, {'indices': [65, 77], 'text': 'iphone8plus'}, {'indices': [78, 86], 'text': 'iphone8'}, {'indices': [87, 99], 'text': 'iphone7plus'}, {'indices': [100, 108], 'text': 'iphone7'}]",Matchy matchy üíïüëØ‚Äç‚ôÄÔ∏èüíï #blush #elementalcases #applewatch #iphoneX #iphone8plus #iphone8 #iphone7plus #iphone7,0,
284,9.89939E+17,27-04-18 18:48,dgran1103,11,,FALSE,41,0,2,138,FALSE,"[{'indices': [73, 85], 'text': 'iphone7plus'}, {'indices': [86, 94], 'text': 'iphone7'}, {'indices': [95, 104], 'text': 'iPhone6S'}, {'indices': [105, 113], 'text': 'iphonex'}, {'indices': [114, 122], 'text': 'iphone8'}, {'indices': [123, 136], 'text': 'iphonegraphy'}]",RT @dinfomall: SPRINT DEAL | NEW iPhone 8 (PRODUCT) RED Special Edition! #iphone7plus #iphone7 #iPhone6S #iphonex #iphone8 #iphonegraphy #i‚Ä¶,0,
286,9.89935E+17,27-04-18 18:30,techshout,13295,,FALSE,181,189,16,24612,FALSE,"[{'indices': [0, 8], 'text': 'iPhone8'}, {'indices': [10, 22], 'text': 'iPhone8Plus'}]","#iPhone8, #iPhone8Plus (PRODUCT)RED hit India",0,
288,9.89929E+17,27-04-18 18:06,LiquidaStoreBr,2,"S√£o Paulo, Brasil",FALSE,26,0,0,430,TRUE,[],Powstro USB Rechargeable battery 4 levels selfie Led Phone Camera Ring Light for IPhone8 Samsung R$9.52 ‚û§‚Ä¶,0,
289,9.89926E+17,27-04-18 17:53,xclaudia85x,882,,FALSE,76,38,42796,6751,TRUE,"[{'indices': [23, 28], 'text': 'case'}, {'indices': [35, 44], 'text': 'casetify'}, {'indices': [53, 63], 'text': 'butterfly'}, {'indices': [64, 76], 'text': 'butterflies'}, {'indices': [77, 83], 'text': 'moths'}, {'indices': [84, 99], 'text': 'casetifyartist'}, {'indices': [100, 107], 'text': 'iphone'}, {'indices': [108, 115], 'text': 'summer'}, {'indices': [116, 122], 'text': 'trend'}, {'indices': [123, 131], 'text': 'iPhone8'}]",RT @Kakelstore: Pretty #case in my #casetify shop!!! #butterfly #butterflies #moths #casetifyartist #iphone #summer #trend #iPhone8 #iphone‚Ä¶,0,
290,9.89925E+17,27-04-18 17:51,pasoundworks,6,"Prince Albert, Saskatchewan",FALSE,133,0,12,19,FALSE,"[{'indices': [0, 13], 'text': 'Pasoundworks'}, {'indices': [31, 37], 'text': 'Telus'}]","#Pasoundworks is an authorized #Telus Dealer! Right now with Telus, you can trade in select phones and get up to $2‚Ä¶",0,
291,9.89923E+17,27-04-18 17:45,xdteamone2,10,France,FALSE,71,0,476,212,TRUE,[],Iphone8 gold @xdteamone2 @AppleMusic @AppStore,0,
293,9.8992E+17,27-04-18 17:30,iPhone8andx,1903,United States,FALSE,56,5,19,9863,FALSE,"[{'indices': [0, 4], 'text': 'Win'}, {'indices': [18, 26], 'text': 'iPhoneX'}, {'indices': [33, 41], 'text': 'iPhone8'}, {'indices': [99, 108], 'text': 'Giveaway'}, {'indices': [109, 115], 'text': 'Phone'}]",#Win one of these #iPhoneX &amp; #iPhone8 ?? just RETWEET &amp; FOLLOW us COMMENT THE ONE YOU WANT #Giveaway #Phone 2,0,
294,9.89919E+17,27-04-18 17:27,sp_wallpaper,515,Web,FALSE,30,59,0,33132,FALSE,"[{'indices': [77, 85], 'text': 'iphone8'}, {'indices': [86, 96], 'text': 'wallpaper'}]",SmartPhone Wallpaper info:Mont Saint Michel Light Up #iphone8 #wallpaper,0,
295,9.89918E+17,27-04-18 17:22,Casper5Sole,116,Washington DC‚ÄìBarbados‚Äì Sthlm.,FALSE,1039,0,264,741,TRUE,"[{'indices': [10, 18], 'text': 'iPhone8'}, {'indices': [31, 40], 'text': 'Fortnite'}, {'indices': [49, 58], 'text': 'Giveaway'}]","@StreamMe #iPhone8 &amp; 2,800 #Fortnite V-Bucks #Giveaway @PCoriell @PCMasonDoyle @PS4_Trophies @PS4Attitude @firstbloodio @FortFrontier",0,
298,9.89916E+17,27-04-18 17:15,iPhone_wp_sc_en,4116,,FALSE,512,53,0,30617,FALSE,"[{'indices': [51, 59], 'text': 'iphone8'}, {'indices': [60, 70], 'text': 'wallpaper'}]",Mont Saint Michel Light Up #iphone8 #wallpaper,0,
300,9.89913E+17,27-04-18 17:03,Roc091,73,People's Republic of China,FALSE,234,0,1540,82,TRUE,"[{'indices': [58, 78], 'text': 'promotionalproducts'}, {'indices': [79, 85], 'text': 'promo'}, {'indices': [86, 103], 'text': 'wirelesschargers'}]",Ukulele Wireless Charger Contact us: roc@everacepromo.com #promotionalproducts #promo #wirelesschargers‚Ä¶,0,
301,9.89911E+17,27-04-18 16:55,TechGini,8,India,FALSE,16,0,0,30,FALSE,[],"Tech Talks: OnePlus 6 Leaks, iPhone 8 &amp; iPhone 8 Plus Red Color, Xiaomi BlackShark Gaming‚Ä¶",0,
302,9.8991E+17,27-04-18 16:52,Najma_WonderW,2711,Motherland state of Mind,FALSE,770,33,6676,17089,TRUE,"[{'indices': [0, 15], 'text': 'Microsoft950XL'}, {'indices': [44, 52], 'text': 'iPhone8'}]","#Microsoft950XL had face recognition before #iPhone8, imagine it come in 2015. And it still works like a brand new‚Ä¶",0,
304,9.89906E+17,27-04-18 16:35,LifeHacksIRL,5922,,FALSE,6122,22,29,4802,FALSE,"[{'indices': [0, 3], 'text': 'RT'}, {'indices': [88, 95], 'text': 'iPhone'}, {'indices': [96, 107], 'text': 'AppleWatch'}]",#RT @TechInRL: Bestand 3 in 1 AirPods/Apple Watch/iPhone Stand! #iPhone #AppleWatch‚Ä¶,0,
305,9.89905E+17,27-04-18 16:30,iPhone8andx,1903,United States,FALSE,56,5,19,9863,FALSE,"[{'indices': [24, 28], 'text': 'Win'}, {'indices': [42, 50], 'text': 'iPhoneX'}, {'indices': [61, 69], 'text': 'iPhone8'}]",#Win one of these #iPhoneX &amp;amp; #iPhone8 ?? just RETWEET &amp;amp; FOLLOW us COMMENT THE ONE Y‚Ä¶,0,
306,9.89901E+17,27-04-18 16:15,thinkofmi9,1329,delhi ,FALSE,119,3,10804,13615,TRUE,"[{'indices': [21, 29], 'text': 'iphone8'}, {'indices': [74, 88], 'text': 'T20onAirtel4G'}]",RT @SushilKashyap01: #iphone8 is the prize guys! This is my @airtelindia #T20onAirtel4G selfie entry. Go Participate now.,0,
307,9.89899E+17,27-04-18 16:08,BeetelBite,3573,New Delhi,FALSE,1406,20,627,10061,FALSE,"[{'indices': [24, 30], 'text': 'Apple'}, {'indices': [31, 39], 'text': 'iPhone8'}, {'indices': [44, 56], 'text': 'iPhone8Plus'}, {'indices': [67, 71], 'text': 'RED'}]",The wait is over as the #Apple #iPhone8 and #iPhone8Plus (PRODUCT) #RED Editions are now available in India. Here a‚Ä¶,0,
308,9.89898E+17,27-04-18 16:05,SuperDealsite,5562,,FALSE,5336,93,1449,12744,FALSE,"[{'indices': [75, 83], 'text': 'iphone8'}, {'indices': [84, 96], 'text': 'iphone8plus'}, {'indices': [97, 105], 'text': 'iphone7'}, {'indices': [106, 118], 'text': 'iphone7plus'}, {'indices': [119, 129], 'text': 'phonecase'}, {'indices': [130, 136], 'text': 'deals'}]","RT @SleekDeals: iPhone 8 plus Case, iPhone 7 plus Case for $8.24 25% off #iphone8 #iphone8plus #iphone7 #iphone7plus #phonecase #deals #g‚Ä¶",0,
309,9.89897E+17,27-04-18 16:01,iPhone8andx,1903,United States,FALSE,56,5,19,9863,FALSE,"[{'indices': [0, 4], 'text': 'Win'}, {'indices': [18, 26], 'text': 'iPhoneX'}, {'indices': [33, 41], 'text': 'iPhone8'}, {'indices': [99, 108], 'text': 'Giveaway'}, {'indices': [109, 115], 'text': 'Phone'}]",#Win one of these #iPhoneX &amp; #iPhone8 ?? just RETWEET &amp; FOLLOW us COMMENT THE ONE YOU WANT #Giveaway #Phone 47,0,
312,9.89892E+17,27-04-18 15:41,GreatTechUK,282,United Kingdom,FALSE,1301,2,78,3214,FALSE,[],#6: iPhone Charger Rephoenix Lightning Cable 2m 3pack Nylon Braided iPhone Cable for iPhone8/iPhone7/ iPhone 6/ 6 P‚Ä¶,0,
313,9.89891E+17,27-04-18 15:37,TechGuyBert,82,"Toronto, ON",FALSE,266,19,4763,6396,FALSE,"[{'indices': [87, 94], 'text': 'iPhone'}, {'indices': [95, 106], 'text': 'AppleWatch'}, {'indices': [107, 115], 'text': 'AirPods'}, {'indices': [116, 124], 'text': 'iPhoneX'}, {'indices': [125, 133], 'text': 'iPhone8'}]",RT @TechInRL: Bestand 3 in 1 AirPods/Apple Watch/iPhone Stand! #iPhone #AppleWatch #AirPods #iPhoneX #iPhone8 #tech‚Ä¶,0,
315,9.8989E+17,27-04-18 15:30,iPhone8andx,1903,United States,FALSE,56,5,19,9863,FALSE,"[{'indices': [0, 4], 'text': 'Win'}, {'indices': [18, 26], 'text': 'iPhoneX'}, {'indices': [33, 41], 'text': 'iPhone8'}, {'indices': [99, 108], 'text': 'Giveaway'}, {'indices': [109, 115], 'text': 'Phone'}]",#Win one of these #iPhoneX &amp; #iPhone8 ?? just RETWEET &amp; FOLLOW us COMMENT THE ONE YOU WANT #Giveaway #Phone 46,0,
318,9.89886E+17,27-04-18 15:17,dumpletonm,2,,FALSE,0,0,0,136,FALSE,"[{'indices': [41, 45], 'text': 'Win'}, {'indices': [59, 67], 'text': 'iPhoneX'}, {'indices': [78, 86], 'text': 'iPhone8'}]",RT @iPhone8andx: #Win one of these #iPhoneX &amp;amp; #iPhone8 ?? just RETWEET &amp;amp; FOLLOW us COMMENT THE ONE YOU WANT‚Ä¶,0,
319,9.89885E+17,27-04-18 15:13,SushilKashyap01,36968,"New Delhi, India",TRUE,36918,77,6539,15521,TRUE,"[{'indices': [0, 8], 'text': 'iphone8'}, {'indices': [53, 67], 'text': 'T20onAirtel4G'}]",#iphone8 is the prize guys! This is my @airtelindia #T20onAirtel4G selfie entry. Go Participate now.‚Ä¶,0,
321,9.89884E+17,27-04-18 15:10,Shaitaaaaan,6198,Chennai/Tuticorin/Gurgaon,FALSE,608,230,8283,169304,TRUE,"[{'indices': [43, 57], 'text': 'T20onAirtel4G'}, {'indices': [89, 97], 'text': 'iPhone8'}]",Here's my entry for the My @airtelindia 4G #T20onAirtel4G selfie for a chance to win the #iPhone8. You can win one‚Ä¶,0,
322,9.89878E+17,27-04-18 14:43,ZeniaIrani,9531,"Mumbai, India",FALSE,1062,122,5031,46669,TRUE,"[{'indices': [21, 35], 'text': 'T20onAirtel4G'}, {'indices': [76, 84], 'text': 'Iphone8'}]",This is my Airtel 4G #T20onAirtel4G selfie! Share your selfies too guys! An #Iphone8 is up for grabs. @airtelindia‚Ä¶,0,
324,9.89876E+17,27-04-18 14:37,SakshiPost,1563,"Hyderabad, India",FALSE,120,140,82,55928,FALSE,"[{'indices': [64, 75], 'text': 'iPhone8RED'}, {'indices': [76, 84], 'text': 'iPhone8'}, {'indices': [85, 96], 'text': 'appleevent'}]",iPhone 8 Special Edition Price In India #iPhone8RED #iPhone8 #appleevent @Apple @AppleNews,0,
326,9.89874E+17,27-04-18 14:30,iPhone8andx,1903,United States,FALSE,56,5,19,9863,FALSE,"[{'indices': [0, 4], 'text': 'Win'}, {'indices': [18, 26], 'text': 'iPhoneX'}, {'indices': [33, 41], 'text': 'iPhone8'}, {'indices': [99, 108], 'text': 'Giveaway'}, {'indices': [109, 115], 'text': 'Phone'}]",#Win one of these #iPhoneX &amp; #iPhone8 ?? just RETWEET &amp; FOLLOW us COMMENT THE ONE YOU WANT #Giveaway #Phone 44,0,
330,9.89866E+17,27-04-18 13:58,ParthChams,6,"Mumbai, India",FALSE,24,0,627,197,FALSE,"[{'indices': [41, 50], 'text': 'giveaway'}, {'indices': [98, 106], 'text': 'iPhone8'}]",RT @danaindustries: Have you entered our #giveaway yet? One lucky winner will receive a brand new #iPhone8! Visit our profile for the origi‚Ä¶,0,
331,9.89866E+17,27-04-18 13:58,ParthChams,6,"Mumbai, India",FALSE,24,0,627,197,FALSE,"[{'indices': [50, 59], 'text': 'giveaway'}, {'indices': [83, 91], 'text': 'iPhone8'}, {'indices': [106, 113], 'text': 'winner'}]",RT @danaindustries: Did you remember to enter our #giveaway? ü§î There's a brand new #iPhone8 in it for the #winner! Follow us and RT the ori‚Ä¶,0,
332,9.89866E+17,27-04-18 13:58,ParthChams,6,"Mumbai, India",FALSE,24,0,627,197,FALSE,"[{'indices': [86, 94], 'text': 'iPhone8'}, {'indices': [95, 104], 'text': 'giveaway'}]","RT @danaindustries: ‚≠êÔ∏èThere's only two weeks left until we announce the winner of our #iPhone8 #giveaway! If you haven't already, follow us‚Ä¶",0,
333,9.89866E+17,27-04-18 13:57,ParthChams,6,"Mumbai, India",FALSE,24,0,627,197,FALSE,"[{'indices': [41, 50], 'text': 'giveaway'}]","RT @danaindustries: Have you entered our #giveaway yet? If not, head on over to our profile and retweet the original tweet for your chance‚Ä¶",0,
335,9.89866E+17,27-04-18 13:55,Kuldeep88315888,1,"‡§á‡§Ç‡§¶‡•å‡§∞, ‡§≠‡§æ‡§∞‡§§",FALSE,149,0,16,5,FALSE,"[{'indices': [21, 34], 'text': 'T20onArtel4G'}, {'indices': [74, 82], 'text': 'iphone8'}]",This is my airtel 4G #T20onArtel4G selfie! Get checking guys. you can win #iphone8 every day. @airtelindia‚Ä¶,0,
340,9.8986E+17,27-04-18 13:34,Kakelstore,3940,,FALSE,4971,167,12415,5204,FALSE,"[{'indices': [7, 12], 'text': 'case'}, {'indices': [19, 28], 'text': 'casetify'}, {'indices': [37, 47], 'text': 'butterfly'}, {'indices': [48, 60], 'text': 'butterflies'}, {'indices': [61, 67], 'text': 'moths'}, {'indices': [68, 83], 'text': 'casetifyartist'}, {'indices': [84, 91], 'text': 'iphone'}, {'indices': [92, 99], 'text': 'summer'}, {'indices': [100, 106], 'text': 'trend'}, {'indices': [107, 115], 'text': 'iPhone8'}]",Pretty #case in my #casetify shop!!! #butterfly #butterflies #moths #casetifyartist #iphone #summer #trend #iPhone8‚Ä¶,0,
346,9.8985E+17,27-04-18 12:54,Ajithspeaks,5962,Mumbai and Bengaluru,FALSE,603,73,286,21112,FALSE,"[{'indices': [15, 23], 'text': 'iphone8'}, {'indices': [86, 100], 'text': 'T20onAirtel4G'}]",Want to win an #iphone8 @thesassychatter @dipika_kanungo Start sharing your Airtel 4G #T20onAirtel4G selfie‚Ä¶,0,
347,9.89848E+17,27-04-18 12:44,bestproductsell,3376,Worldwide,FALSE,4554,51,263,50690,FALSE,"[{'indices': [0, 8], 'text': 'iPhone8'}, {'indices': [14, 22], 'text': 'iPhone7'}]","#iPhone8 Case,#iPhone7 case, Yoyamo Crystal Clear Case Cover Shock Absorption Case with Soft TPU Gel Bumper for iPh‚Ä¶",0,
348,9.89847E+17,27-04-18 12:40,GarthHolman,1839,Northeast Ohio,FALSE,632,150,1138,9653,TRUE,[],@goswivl any ideas? Will not connect with iPad (just updated software on it) and iphone8 @JCLenk,0,
349,9.89845E+17,27-04-18 12:35,LifeHacksIRL,5922,,FALSE,6122,22,29,4802,FALSE,"[{'indices': [0, 3], 'text': 'RT'}]","#RT @TechInRL: Product Red iPhone 8, 8 Plus, The Product Red Leather Folio Case for iPhone X &amp; More!‚Ä¶",0,
350,9.89844E+17,27-04-18 12:28,Softpedia,23326,,TRUE,167,1548,33,75331,FALSE,"[{'indices': [111, 118], 'text': 'iPhone'}, {'indices': [119, 127], 'text': 'iPhone8'}, {'indices': [128, 134], 'text': 'Apple'}]",RT @bgdftw: My iPhone 8 Just Failed a Durability Test and All I Think Of Is Bendgate 2 #iPhone #iPhone8 #Apple #ben‚Ä¶,0,
353,9.89841E+17,27-04-18 12:18,sp_wallpaper,515,Web,FALSE,30,59,0,33132,FALSE,"[{'indices': [78, 86], 'text': 'iphone8'}, {'indices': [87, 97], 'text': 'wallpaper'}]",SmartPhone Wallpaper info:Landscape colorful contrail #iphone8 #wallpaper,0,
354,9.8984E+17,27-04-18 12:13,junecottage55,953,"Ontario, Canada",FALSE,3332,87,21742,49350,TRUE,"[{'indices': [124, 139], 'text': 'UnlimitedPlans'}]","RT @ConnexionsTel: Come check out the @LansdownePlace Peterborough on April 28th, this Saturday 1 pm to 5 pm for some great #UnlimitedPlans‚Ä¶",0,
355,9.8984E+17,27-04-18 12:12,iPhone_wp_sc_en,4116,,FALSE,512,53,0,30617,FALSE,"[{'indices': [52, 60], 'text': 'iphone8'}, {'indices': [61, 71], 'text': 'wallpaper'}]",Landscape colorful contrail #iphone8 #wallpaper,0,
357,9.89838E+17,27-04-18 12:05,AlizwaKlaas,29,,FALSE,268,0,114,247,FALSE,[],@Free_iphone8 Gold,0,
359,9.89838E+17,27-04-18 12:05,gizbot,22701,,TRUE,729,408,407,67107,TRUE,"[{'indices': [54, 62], 'text': 'iPhone8'}, {'indices': [64, 76], 'text': 'iPhone8Plus'}, {'indices': [81, 89], 'text': 'iPhoneX'}]","Belkin has unveiled its new wireless charging pad for #iPhone8, #iPhone8Plus and #iPhoneX. @belkin",0,
360,9.89837E+17,27-04-18 12:01,_ShubhamGaur,8356,‡§¶‡§ø‡§≤‡•ç‡§≤‡•Ä‡•§,FALSE,219,56,7149,35187,TRUE,"[{'indices': [21, 35], 'text': 'T20onAirtel4G'}, {'indices': [78, 86], 'text': 'iPhone8'}]",This is my Airtel 4G #T20onAirtel4G selfie! Get clicking guys. You can win an #iPhone8 every day. @airtelindia‚Ä¶,0,
361,9.89835E+17,27-04-18 11:52,navneet_mundhra,22395,India,TRUE,575,119,8580,83446,FALSE,[],This is my selfie for @airtelindia's 4G T20 cricket season.. You guys can also share your selfies and stand a chanc‚Ä¶,0,
362,9.89833E+17,27-04-18 11:46,TechGuyBert,82,"Toronto, ON",FALSE,266,19,4763,6396,FALSE,"[{'indices': [128, 135], 'text': 'iPhone'}]","RT @TechInRL: Product Red iPhone 8, 8 Plus, The Product Red Leather Folio Case for iPhone X &amp; More! #iPhone #iPhone‚Ä¶",0,
363,9.89831E+17,27-04-18 11:37,pidls,3275,"Technopark, Trivandrum",FALSE,542,2,355,1435,FALSE,[],"iPhone 8, iPhone 8 Plus (PRODUCT) RED versions launched in India: Pre-orders live now",0,
364,9.89829E+17,27-04-18 11:31,gizbot,22701,,TRUE,729,408,407,67107,TRUE,"[{'indices': [23, 31], 'text': 'iPhone8'}, {'indices': [36, 48], 'text': 'iPhone8plus'}]",Apple has launched its #iPhone8 and #iPhone8plus models in Red edition in India on April 27. @Apple,0,
366,9.89826E+17,27-04-18 11:16,thesebrandssuck,905,United States,FALSE,120,2,21546,36718,FALSE,[],RT @theRealMDover: @pandoramusic @Toyota I called the helpline # that @ToyotaCustCare tweeted me üëéLOOKS LIKE I HAVE TO CANCEL MY PANDORA PR‚Ä¶,0,
367,9.89826E+17,27-04-18 11:16,applenewsbot,336,"Melbourne, Victoria",FALSE,50,10,2,21460,FALSE,"[{'indices': [20, 26], 'text': 'Apple'}, {'indices': [36, 40], 'text': 'iOS'}, {'indices': [102, 110], 'text': 'iPhone8'}]",RT @Francois_Lopez: #Apple released #iOS 11.3.1 for users with touchscreen problem who repaired their #iPhone8 with an unofficial display.‚Ä¶,0,
369,9.89824E+17,27-04-18 11:09,HotsalesFree,6204,United States,FALSE,309,0,170,796,FALSE,[],"RT @HotsalesFree: Wireless Charger,Yootech Wireless Charging Pad for iPhone X, iPhone 8/ 8 Plus Save 10% on your order. Use coupon code: Wa‚Ä¶",0,
370,9.89823E+17,27-04-18 11:04,fuckmeuk21,70,,FALSE,279,0,150,301,FALSE,[],"Puridea Portable Charger 10000mAh Power Bank, Bi-color Li-polymer External Battery for iPhone8 Samsung HTC LG Black‚Ä¶",0,
371,9.89822E+17,27-04-18 11:00,TechInRL,1351,Canada,FALSE,1444,1,4,1865,FALSE,[],"Product Red iPhone 8, 8 Plus, The Product Red Leather Folio Case for iPhone X &amp; More!",0,
372,9.89819E+17,27-04-18 10:49,temikahansen12,0,,FALSE,0,0,0,29,FALSE,"[{'indices': [52, 66], 'text': 'T20onAirtel4G'}, {'indices': [83, 91], 'text': 'iphone8'}]","RT @shivangisinha: My selfie with @airtelindia 4G üòç #T20onAirtel4G. Hope to win an #iphone8. Participate now, click this link:",0,
375,9.89817E+17,27-04-18 10:44,vvek_parmar,6191,India,FALSE,143,82,930,20862,TRUE,"[{'indices': [29, 43], 'text': 'T20onAirtel4G'}, {'indices': [73, 81], 'text': 'iPhone8'}]",Guys just participate in the #T20onAirtel4G contest and you could win an #iPhone8. Sounds interesting? So for what‚Ä¶,0,
376,9.89816E+17,27-04-18 10:39,autoworldmag,795,"Bangalore, India",FALSE,1574,174,83618,70318,FALSE,"[{'indices': [15, 23], 'text': 'iPhone8'}, {'indices': [28, 40], 'text': 'iPhone8Plus'}]","RT @Smartprix: #iPhone8 and #iPhone8Plus (Product) Red Special Edition Listed On Flipkart: Price, Specifications and Offers",0,
377,9.89815E+17,27-04-18 10:35,_S2_3,381,üçûLv.3,FALSE,138,30,50443,85040,FALSE,[],iPhone8 RED üíãüåπüçìüçíüçé‚ù§Ô∏è,0,
378,9.89814E+17,27-04-18 10:31,iPhone8andx,1903,United States,FALSE,56,5,19,9863,FALSE,"[{'indices': [0, 4], 'text': 'Win'}, {'indices': [18, 26], 'text': 'iPhoneX'}, {'indices': [37, 45], 'text': 'iPhone8'}, {'indices': [107, 116], 'text': 'Giveaway'}, {'indices': [117, 123], 'text': 'Phone'}]",#Win one of these #iPhoneX &amp;amp; #iPhone8 ?? just RETWEET &amp;amp; FOLLOW us COMMENT THE ONE YOU WANT #Giveaway #Phone,0,
380,9.89813E+17,27-04-18 10:27,HotUSDailyDeals,1147,United States,FALSE,3128,9,4,7945,FALSE,"[{'indices': [59, 67], 'text': 'iphone8'}, {'indices': [68, 80], 'text': 'iphone8plus'}, {'indices': [81, 89], 'text': 'iphone7'}, {'indices': [90, 102], 'text': 'iphone7plus'}, {'indices': [103, 113], 'text': 'phonecase'}]","iPhone 8 plus Case, iPhone 7 plus Case for $8.24 25% off #iphone8 #iphone8plus #iphone7 #iphone7plus #phonecase‚Ä¶",0,
381,9.89812E+17,27-04-18 10:22,WinAtLifeOnline,33,Great Britain / Worldwide!,FALSE,40,2,0,307,FALSE,"[{'indices': [21, 27], 'text': 'Apple'}, {'indices': [31, 39], 'text': 'Samsung'}, {'indices': [40, 44], 'text': 'iOS'}, {'indices': [48, 56], 'text': 'Android'}, {'indices': [57, 86], 'text': 'APictureSpeaksAThousandWords'}]",RT @WinAtLifeOnline: #Apple vs #Samsung #iOS vs #Android #APictureSpeaksAThousandWords what do you guys think of this? Are you apple or Sam‚Ä¶,0,
383,9.89811E+17,27-04-18 10:20,eversobling,709,,FALSE,1358,4,0,6024,FALSE,"[{'indices': [64, 72], 'text': 'iPhone8'}, {'indices': [73, 81], 'text': 'iPhoneX'}, {'indices': [82, 93], 'text': 'BlingBling'}]",Luster Bling Swarovski Crystal iPhone 8 and iPhone 8 Plus Case #iPhone8 #iPhoneX #BlingBling Click here -&gt;‚Ä¶,0,
384,9.89811E+17,27-04-18 10:19,yannareyes_,2355,TeamDANI | JMNS,FALSE,1005,9,76831,107594,TRUE,[],RT @TeamAMDG: iPhone8 for the champs. Congratulations Blue Eaglets!,0,
386,9.8981E+17,27-04-18 10:15,mid_day,623242,"Mumbai, India",TRUE,57,1109,539,86746,TRUE,"[{'indices': [16, 24], 'text': 'IPhone8'}, {'indices': [26, 38], 'text': 'IPhone8Plus'}, {'indices': [65, 71], 'text': 'India'}, {'indices': [73, 84], 'text': 'MiddayNews'}, {'indices': [85, 94], 'text': 'TechNews'}, {'indices': [95, 109], 'text': 'IphoneInIndia'}]","Special Edition #IPhone8, #IPhone8Plus Available For Purchase In #India #MiddayNews #TechNews #IphoneInIndia",0,
387,9.89809E+17,27-04-18 10:10,shahdevang45,2056,"Ahmedabad,Gujarat,India",FALSE,4884,30,97310,26373,TRUE,"[{'indices': [106, 114], 'text': 'iPhone8'}]","RT @indiatvnews: iPhone 8 (64GB) will cost Rs 67,940 while 128GB variant will be available for Rs 81,500. #iPhone8",0,
388,9.89807E+17,27-04-18 10:03,indiatvnews,555143,India,TRUE,21,968,1,372653,FALSE,"[{'indices': [89, 97], 'text': 'iPhone8'}]","iPhone 8 (64GB) will cost Rs 67,940 while 128GB variant will be available for Rs 81,500. #iPhone8",0,
389,9.89807E+17,27-04-18 10:01,firstpost,1955939,"Mumbai, India",TRUE,1005,3872,310,475723,TRUE,"[{'indices': [126, 134], 'text': 'iPhone8'}]","RT @tech2eets: (PRODUCT) RED, an advocacy group combating HIV/AIDS in Africa, has partnered up with Apple for the Product Red #iPhone8 and‚Ä¶",0,
392,9.89794E+17,27-04-18 9:11,voltacharger,1150,Australia,FALSE,744,26,14453,934,FALSE,"[{'indices': [96, 104], 'text': 'android'}, {'indices': [105, 109], 'text': 'ios'}]","Never worry about running out of battery again. üîã, VOLTA Magnetic Charger has got you covered. #android #ios‚Ä¶",0,
393,9.89792E+17,27-04-18 9:01,iPhone8andx,1903,United States,FALSE,56,5,19,9863,FALSE,"[{'indices': [0, 4], 'text': 'Win'}, {'indices': [18, 26], 'text': 'iPhoneX'}, {'indices': [33, 41], 'text': 'iPhone8'}, {'indices': [99, 108], 'text': 'Giveaway'}, {'indices': [109, 115], 'text': 'Phone'}]",#Win one of these #iPhoneX &amp; #iPhone8 ?? just RETWEET &amp; FOLLOW us COMMENT THE ONE YOU WANT #Giveaway #Phone 33,0,
395,9.89791E+17,27-04-18 9:00,vishwagujarat,5183,"Ahmedabad , Gujarat, India",FALSE,95,276,42,44117,FALSE,"[{'indices': [0, 14], 'text': 'Specification'}, {'indices': [16, 25], 'text': 'Features'}, {'indices': [29, 37], 'text': 'Special'}, {'indices': [38, 46], 'text': 'Edition'}, {'indices': [47, 55], 'text': 'iPhone8'}, {'indices': [57, 69], 'text': 'iPhone8Plus'}, {'indices': [83, 89], 'text': 'India'}]","#Specification, #Features Of #Special #Edition #iPhone8, #iPhone8Plus Available In #India Read More :‚Ä¶",0,
397,9.8979E+17,27-04-18 8:53,HTTech,513,"New Delhi, India",FALSE,112,13,73,1385,FALSE,"[{'indices': [8, 16], 'text': 'iPhone8'}, {'indices': [17, 29], 'text': 'iPhone8Plus'}]",".@Apple #iPhone8 #iPhone8Plus (PRODUCT)RED editions launched in India, prices start at Rs 67,940 via @htTweets‚Ä¶",0,
398,9.89789E+17,27-04-18 8:51,lovmecase,7,,FALSE,8,1,4,268,FALSE,"[{'indices': [73, 81], 'text': 'iphone8'}, {'indices': [82, 90], 'text': 'iphone7'}, {'indices': [91, 103], 'text': 'iphone7plus'}]",Left or right? Comment down below Follow @lovmecase to see more . . . . #iphone8 #iphone7 #iphone7plus‚Ä¶,0,
399,9.89788E+17,27-04-18 8:48,Newskart,226,"New Delhi, India",FALSE,301,171,24,2037,FALSE,[],"iPhone 8, iPhone 8 Plus (PRODUCT) RED Versions Launched In India, Pre-orders Starts-https://t.co/VwFr4yg0o6‚Ä¶",0,
401,9.89786E+17,27-04-18 8:38,GarimaBhaskar,171,"Noida, India",FALSE,232,3,1440,407,TRUE,"[{'indices': [0, 8], 'text': 'iPhone8'}, {'indices': [13, 25], 'text': 'iPhone8Plus'}, {'indices': [94, 99], 'text': 'tech'}, {'indices': [100, 112], 'text': 'techblogger'}]",#iPhone8 and #iPhone8Plus (PRODUCT) Red Editions are Red for a CAUSE #tech #techblogger‚Ä¶,0,
404,9.89782E+17,27-04-18 8:24,NickBarkenhagen,6,,FALSE,57,0,7,1141,FALSE,"[{'indices': [131, 137], 'text': 'Apple'}]","RT @DigiSlice: Authorities in the US are using a device called GrayKey to unlock iPhones, reportedly even works on iPhones running #Apple‚Äôs‚Ä¶",0,
405,9.89782E+17,27-04-18 8:24,Smartprix,2732,,FALSE,289,45,124,5393,FALSE,"[{'indices': [0, 8], 'text': 'iPhone8'}, {'indices': [13, 25], 'text': 'iPhone8Plus'}]","#iPhone8 and #iPhone8Plus (Product) Red Special Edition Listed On Flipkart: Price, Specifications and Offers‚Ä¶",0,
406,9.89782E+17,27-04-18 8:21,JamiLut03151508,0,,FALSE,0,0,69,72,FALSE,[],RT @wryaxoshnaw2000: Hhhhhhhhh iphone8,0,
408,9.89781E+17,27-04-18 8:18,ImPeramPK,199,Anantapur,FALSE,194,1,19342,6569,FALSE,"[{'indices': [31, 39], 'text': 'iPhone8'}]",RT @expresstechie: The new Red #iPhone8 is now available in India,0,
409,9.8978E+17,27-04-18 8:16,TechSoleBlog,60,"Hyderabad, India",FALSE,25,2,18,614,FALSE,"[{'indices': [60, 66], 'text': 'Apple'}, {'indices': [67, 77], 'text': 'iPhoneSE2'}, {'indices': [78, 86], 'text': 'IphoneX'}, {'indices': [87, 96], 'text': 'iPhoneSE'}, {'indices': [97, 105], 'text': 'iPhone8'}]",Watch: Iphone SE 2 Hands on Video Shows a Headphone Jack... #Apple #iPhoneSE2 #IphoneX #iPhoneSE #iPhone8,0,
410,9.8978E+17,27-04-18 8:14,liveatpcdotcom,11910,"√úT: 3.072292,101.547064",FALSE,70,115,5,12891,FALSE,"[{'indices': [66, 71], 'text': 'Digi'}, {'indices': [72, 79], 'text': 'Celcom'}, {'indices': [80, 86], 'text': 'Apple'}, {'indices': [87, 95], 'text': 'iPhone8'}]",Both iPhone 8 and 8 Plus Red edition are available from preorder. #Digi #Celcom #Apple #iPhone8,0,
411,9.89779E+17,27-04-18 8:12,JackTorcello1,217,London UK,FALSE,616,16,40,2073,FALSE,[],RT @CaseSwaggerUS: Winter may be over but the Winter Waves design doesn't have to be. * Be sure to signup at for e‚Ä¶,0,
412,9.89779E+17,27-04-18 8:09,OfficialGadget2,104,"Mumbai, India",FALSE,3,2,16,5011,FALSE,"[{'indices': [16, 24], 'text': 'iPhone8'}, {'indices': [26, 34], 'text': 'iPhone8'}, {'indices': [47, 53], 'text': 'India'}, {'indices': [80, 91], 'text': 'Technology'}, {'indices': [93, 99], 'text': 'Apple'}]","Special edition #iPhone8, #iPhone8 Plus now in #India #Technology #Apple @Apple",0,
413,9.89778E+17,27-04-18 8:07,expresstechie,33572,"New Delhi, Delhi",TRUE,139,398,2,27346,FALSE,"[{'indices': [12, 20], 'text': 'iPhone8'}]",The new Red #iPhone8 is now available in India,0,
414,9.89777E+17,27-04-18 8:01,iPhone8andx,1903,United States,FALSE,56,5,19,9863,FALSE,"[{'indices': [0, 4], 'text': 'Win'}, {'indices': [18, 26], 'text': 'iPhoneX'}, {'indices': [33, 41], 'text': 'iPhone8'}, {'indices': [99, 108], 'text': 'Giveaway'}, {'indices': [109, 115], 'text': 'Phone'}]",#Win one of these #iPhoneX &amp; #iPhone8 ?? just RETWEET &amp; FOLLOW us COMMENT THE ONE YOU WANT #Giveaway #Phone 32,0,
415,9.89776E+17,27-04-18 7:58,boomboxfun,5112,Egypt,FALSE,1756,225,54,74366,FALSE,[],For iPhone X 6 6S 7 8 iPhone8 Plus Case Ultra Slim Hybrid Protective Hard Cover: Item‚Ä¶,0,
416,9.89773E+17,27-04-18 7:47,GreaterKashmir,86960,Srinagar,FALSE,95,184,1,55431,FALSE,"[{'indices': [16, 24], 'text': 'iPhone8'}, {'indices': [26, 38], 'text': 'iPhone8Plus'}]","Special edition #iPhone8, #iPhone8Plus now in India",0,
417,9.89772E+17,27-04-18 7:43,Pocket_PDCA,84,apple itunes store,FALSE,165,3,372,2669,FALSE,"[{'indices': [0, 5], 'text': 'PDCA'}, {'indices': [6, 14], 'text': 'iphone8'}, {'indices': [15, 21], 'text': 'ionic'}, {'indices': [22, 29], 'text': 'newapp'}]","#PDCA #iphone8 #ionic #newapp It is ""pocketPDCA"" that you can use easily PDCA cycle on your smartphone. [Youtube]https://t.co/GHf12UrUlW",0,
420,9.89765E+17,27-04-18 7:17,sp_wallpaper,515,Web,FALSE,30,59,0,33132,FALSE,"[{'indices': [84, 92], 'text': 'iphone8'}, {'indices': [93, 103], 'text': 'wallpaper'}]",SmartPhone Wallpaper info:Black-and-white pattern character #iphone8 #wallpaper,0,
424,9.89764E+17,27-04-18 7:12,iPhone_wp_sc_en,4116,,FALSE,512,53,0,30617,FALSE,"[{'indices': [58, 66], 'text': 'iphone8'}, {'indices': [67, 77], 'text': 'wallpaper'}]",Black-and-white pattern character #iphone8 #wallpaper,0,
426,9.89761E+17,27-04-18 7:01,iPhone8andx,1903,United States,FALSE,56,5,19,9863,FALSE,"[{'indices': [0, 4], 'text': 'Win'}, {'indices': [18, 26], 'text': 'iPhoneX'}, {'indices': [33, 41], 'text': 'iPhone8'}, {'indices': [99, 108], 'text': 'Giveaway'}, {'indices': [109, 115], 'text': 'Phone'}]",#Win one of these #iPhoneX &amp; #iPhone8 ?? just RETWEET &amp; FOLLOW us COMMENT THE ONE YOU WANT #Giveaway #Phone 29,0,
427,9.89759E+17,27-04-18 6:53,vekliencases,219,Free Shipping Worldwide,FALSE,242,0,611,196,FALSE,"[{'indices': [62, 69], 'text': 'flower'}, {'indices': [70, 80], 'text': 'botanical'}, {'indices': [81, 89], 'text': 'iPhone7'}, {'indices': [90, 98], 'text': 'iPhone8'}, {'indices': [99, 107], 'text': 'iphonex'}]",BOTANICAL FLOWER IPHONE CASE - üëâhttps://t.co/QUDYo2vzs3 . . . #flower #botanical #iPhone7 #iPhone8 #iphonex‚Ä¶,0,
428,9.89759E+17,27-04-18 6:50,eversobling,709,,FALSE,1358,4,0,6024,FALSE,"[{'indices': [70, 78], 'text': 'iPhone8'}, {'indices': [79, 87], 'text': 'iPhoneX'}, {'indices': [88, 99], 'text': 'BlingBling'}]",Loving Hearts Bling Swarovski Crystal iPhone 8 and iPhone 8 Plus Case #iPhone8 #iPhoneX #BlingBling Click here -&gt;‚Ä¶,0,
429,9.89758E+17,27-04-18 6:47,daijiworldnews,2066,"Mangalore, India",FALSE,644,91,390,134849,TRUE,"[{'indices': [24, 32], 'text': 'iPhone8'}, {'indices': [37, 49], 'text': 'iPhone8Plus'}]",Apple's special edition #iPhone8 and #iPhone8Plus in red colour will be available for purchase in India from Friday‚Ä¶,0,
430,9.89758E+17,27-04-18 6:47,news24tvchannel,91253,Noida,FALSE,267,759,168,298087,TRUE,"[{'indices': [72, 87], 'text': 'Specialedition'}, {'indices': [88, 96], 'text': 'iPhone8'}, {'indices': [97, 109], 'text': 'iPhone8Plus'}, {'indices': [110, 113], 'text': 'In'}]","Special edition iPhone 8, iPhone 8 Plus AVAILABLE in India; Check price #Specialedition #iPhone8 #iPhone8Plus #In‚Ä¶",0,
433,9.89746E+17,27-04-18 6:00,iJimmyParmar,41,India,FALSE,227,0,2885,811,FALSE,[],RT @shrutzsharma: Apple iPhone 8 (Product) RED &amp; iPhone 8 Plus Red are available in stores in India &amp; online. Today onwards. Go grab your R‚Ä¶,0,
436,9.89741E+17,27-04-18 5:40,shivangisinha,13479,"Dubai, United Arab Emirates",FALSE,136,3,570,564,TRUE,"[{'indices': [33, 47], 'text': 'T20onAirtel4G'}, {'indices': [64, 72], 'text': 'iphone8'}]","My selfie with @airtelindia 4G üòç #T20onAirtel4G. Hope to win an #iphone8. Participate now, click this link:‚Ä¶",0,
437,9.8974E+17,27-04-18 5:35,shrutzsharma,312,noida,FALSE,125,7,59,448,FALSE,[],Apple iPhone 8 (Product) RED &amp; iPhone 8 Plus Red are available in stores in India &amp; online. Today onwards. Go grab‚Ä¶,0,
438,9.89733E+17,27-04-18 5:08,Cases_Space_,17,,FALSE,2,1,2,2425,FALSE,"[{'indices': [39, 47], 'text': 'iphone8'}, {'indices': [48, 56], 'text': 'iphonex'}]",Beautiful Places Cover for iPhone 5 5S #iphone8 #iphonex,0,
439,9.89731E+17,27-04-18 5:01,mimilovesu,8577,Australia,FALSE,9376,349,16279,43237,FALSE,[],iphone8 silicone phone cover with attractive whale print via @eBay,0,
440,9.8973E+17,27-04-18 4:55,latestly,10649,"Mumbai, India",FALSE,190,6,2,7253,TRUE,"[{'indices': [17, 25], 'text': 'iPhone8'}, {'indices': [32, 44], 'text': 'iPhone8Plus'}]",Pre-order @Apple #iPhone8 &amp; #iPhone8Plus in India on @Flipkart; To go on sale on 30 April,0,
441,9.89729E+17,27-04-18 4:52,BGRIndia,220584,Mumbai,TRUE,106,419,1512,40880,FALSE,"[{'indices': [0, 6], 'text': 'Apple'}, {'indices': [7, 15], 'text': 'iPhone8'}, {'indices': [17, 29], 'text': 'iPhone8Plus'}]","#Apple #iPhone8, #iPhone8Plus (PRODUCT) RED now available in India, prices start at Rs 67,940‚Ä¶",0,
